title,job_family,company,location,region,salary,employment_type,url,description,source,date_found,active,required_experience,degree_requirement,required_languages,matched_skills,missing_skills,match_score,match_reason,hard_filter_status,hard_filter_reason
BI Developer,BI / Power BI,Smals,,,,,https://www.smals.be/nl/jobs/apply/7281/bi-developer,"Onze website gebruikt cookies om de site gebruiksvriendelijker te maken. Meer weten Doorgaan Skip to main content NL Nederlands Français BI Developer Solliciteren Functiebeschrijving Als Business Intelligence Developer draag je bij tot het beheer, de ondersteuning en de voortdurende ontwikkeling van onze BI-omgeving. Je ontwerpt en ontwikkelt ETL-processen in Informatica PowerCenter, inclusief het aanmaken van nieuwe mappings en workflows. In dit kader zorg je voor het beheer en de optimalisatie van ons datawarehouse (PostgreSQL) en ontwikkel je rapportageoplossingen in Cognos en Power BI. Je draagt bij aan de migratie van bestaande Cognos-rapporten naar Power BI en ontwikkelt nieuwe rapportage- en dashboardoplossingen ter ondersteuning van de activiteiten van de organisatie. Profiel Je hebt een bachelordiploma in IT en beschikt over minimaal 3 jaar ervaring in de ontwikkeling van Business Intelligence. Je hebt praktische ervaring met de volgende technologieën: - Geavanceerde SQL (bij voorkeur PostgreSQL) Power BI: Desktop en Service, data modeling, Power Query ETL-processen: Informatica PowerCenter Data warehousing Ervaring met of kennis van de volgende technologieën wordt als een pluspunt beschouwd: Cognos (migratie van Cognos-rapporten naar Power BI) Power BI Report Builder Jira, Confluence, Git Je beschikt over uitstekende probleemoplossende vaardigheden en bent in staat om zelfstandig te werken. Je bent in staat om je kennis effectief te delen en andere medewerkers op te leiden. Ten slotte heb je uitstekende communicatieve vaardigheden in het Frans of Nederlands, evenals in het Engels. Aanbod Je krijgt een gevarieerde, uitdagende en maatschappelijk relevante job waarbij je bijdraagt aan IT-oplossingen die een belangrijke rol spelen in de samenleving. Onze slogan 'ICT for society' weerspiegelt dit perfect. Zoek je een goede balans tussen werk en privéleven? Geniet van flexibele werkuren en maak gebruik van ons zeer uitgebreid telewerkbeleid . We bieden ruime interne en externe opleidingsmogelijkheden, waardoor je je technische skills en persoonlijke vaardigheden voortdurend kunt aanscherpen. We bieden je een competitief salaris, aangevuld met extralegale voordelen zoals hospitalisatieverzekering, aanvullend pensioenplan, maaltijdcheques, ecocheques,… IT-functies kunnen rekenen op een mobiliteitsbudget met de keuze voor een bedrijfswagen en/of terugbetaling openbaar vervoer. Onder bepaalde voorwaarden kan je dit budget zelfs gebruiken voor de betaling van je huur of hypothecaire lening. Via ons 'Benefits at Work'-platform geniet je van mooie kortingen op mode, elektronica, daguitstappen, vakantieverblijven, … We voeren een gelijkekansenbeleid en vinden o.a. equal pay belangrijk. Solliciteren IT - Development .Net & Blazor Software Developer .Net Developer .NET Integration Developer Azure DevOps Engineer (.Net) Backend .Net Developer Java-Angular Developer Kotlin Developer Senior .Net Developer Senior Java Developer Search modal Zoeken",smals_web,2026-09-25T21:15:35.722436+00:00,True,3,Bachelor's degree,"Dutch, French, English","sql, power bi, etl, datawarehouse, cognos, data modeling",informatica,90,"BI / Power BI; matched: sql, power bi, etl, datawarehouse, cognos, data modeling; potential gaps: informatica; requires 3+ years; Bachelor's degree",passed,
Data Analist,Data Analyst,Pauwels Consulting,"8000, West Flanders, Belgium",,,employee,https://www.pauwelsconsulting.com/job/5f42d6f8-2049-4e35-b64a-67eb7a2af001/data-analist,"Onze klant, een vooraanstaande en mensgerichte organisatie, is op zoek naar een Data Analist om complexe gegevens om te zetten in strategische inzichten. In deze rol krijg je de kans om een cruciale bijdrage te leveren aan de segmentstrategieën en de dienstverlening continu te verbeteren door middel van geavanceerde analyses. Als schakel tussen de business en engineering capteer je de specifieke behoeften van diverse klantensegmenten en vertaal je deze naar waardevolle inzichten. Je werkt hierbij nauw samen met BI-developers, data-architecten en stewards. Beheren en prioriteren van de analytics roadmap met oog voor budget, security, GDPR en technische haalbaarheid. Ontwerpen, implementeren en testen van analysetechnieken voor grote hoeveelheden data om trends te identificeren. Garanderen van de datakwaliteit en betrouwbaarheid door de naleving van datastandaarden en protocollen. Ontwikkelen en actualiseren van diverse dataproducten ter ondersteuning van de strategische besluitvorming. Analyseren van de markt en relevante trends om advies uit te brengen over technologische innovaties en digitale vernieuwing. 3+ jaar ervaring in operationeel management met een sterke focus op data-analyse en procesoptimalisatie. Expertise in het bouwen van semantische modellen en dashboards in Power BI . Gevorderde kennis van DAX voor het vertalen van complexe logica naar heldere rapportages. Ervaring met het verkennen van brondata en het monitoren van prestaties op basis van trends. Je bent een proactieve bruggenbouwer met sterke communicatieve vaardigheden voor stakeholder management. Je beschikt over een commerciële mindset en een kritische, analytische blik. Je bent veranderingsgericht en vindt vlot je weg in een dynamische en vooruitstrevende werkomgeving. Affiniteit met digitale innovatie en technologische nieuwigheden. Contract: Vast contract. Omgeving: Een dynamische en vooruitstrevende werkomgeving waar digitale innovatie centraal staat. Atmosphere: Professionele organisatie met een sterke focus op kwalitatieve dienstverlening en samenwerking.",pauwels_consulting_web,2026-09-25T21:15:35.722436+00:00,True,3,not specified,,power bi,,79,Data Analyst; matched: power bi; requires 3+ years; outside preferred Brussels area,passed,
Senior Data Analyst,Data Analyst,Smals,,,,,https://www.smals.be/nl/jobs/apply/7008/senior-data-analyst,"Onze website gebruikt cookies om de site gebruiksvriendelijker te maken. Meer weten Doorgaan Skip to main content NL Nederlands Français Senior Data Analyst Solliciteren Functiebeschrijving Als Senior Data Analyst maak je deel uit van het data-team dat verantwoordelijk is voor de implementatie van het gemeenschappelijk dataplatform bij een klant die een belangrijke speler is in de sociale zekerheid voor de domeinen werkloosheid, loopbaanonderbreking en tijdskrediet. Je definieert de conceptuele datamodellen op basis van de businessvereisten, en samen met de andere collega’s binnen het team (analisten, data engineers, BI developers) zorg je ervoor dat deze data-oplossingen afgestemd zijn op de noden van de organisatie. Als brug tussen het data-team en de business stakeholders verzamel en analyseer je de noden, vertaal je de business requirements naar technische specificaties en draag je actief bij aan een vlotte communicatie en afstemming binnen een transversale organisatie. Je speelt een actieve rol in het exploreren van data om diepgaande analyses, dashboards en decision-ready insights te produceren. De bruikbaarheid van dashboards evalueer je samen met data-consumers. Door iteratief te werken aan visualisaties en story-telling zorg je ervoor dat de informatie niet alleen correct, maar ook helder en toegankelijk gepresenteerd wordt. Dankzij jouw analytische aanpak worden complexe datasets omgezet in waardevolle informatie voor de organisatie. Binnen deze functie ben jij ook de drijvende kracht achter het Centre of Excellence Power BI. Als centraal aanspreekpunt voor de Power BI user community speel je een sleutelrol in het versterken van data literacy en het gebruik van BI-oplossingen binnen de organisatie. Je werkt actief aan de zichtbaarheid en herkenbaarheid van onze informatie-oplossingen (via newsletters, intranet,...), zodat deze optimaal aansluiten bij de noden van de organisatie. Je werkt op een pragmatische en Agile manier. Je taken: • Je werkt mee aan het definiëren en berekenen van KPI’s op basis van governed semantic layers en gestandaardiseerde methodologieën. • Je voert ad-hoc analyses uit, onderzoekt root causes van problemen en valideert hypotheses om businessvragen snel en accuraat te beantwoorden. • Je respecteert de processen rond masterdata management en referentiegegevens. • Je organiseert hands-on workshops voor de eindgebruikers, biedt opleidingen en praktische tips & tricks aan, en stimuleert kennisdeling rond best practices. • Je bouwt de Self Service environment verder uit. • Je zorgt ervoor dat de voorgestelde data-architectuur voldoet aan de vereisten inzake databeveiliging, privacybescherming. . Profiel Je behaalde een Masterdiploma of je kan een gelijkwaardig niveau aantonen door relevante ervaring. Het opbouwen en optimaliseren van datasets, views en pipelines in SQL kent geen geheimen voor jou. Je bent vertrouwd met het ontwerpen en implementeren van robuuste data-modellen volgens de Kimball-methodologie. Je bent een expert in het ontwikkelen en onderhouden van Power BI-dashboards en rapportages. Je hebt reeds een aantoonbare ervaring in het coördineren van data-projecten en bewaken van planning, kwaliteit en oplevering. Je beschikt over een basiskennis van data governance, met oog voor datakwaliteit en standaarden. Je kan toezien op de correcte toepassing van data security, inclusief GDPR-richtlijnen in cloud-omgevingen. Je kan ondersteuning bieden bij het correct gebruik van moderne data-tools zoals dbt, Git en Databricks. Je kan autonoom efficiënt werken maar hebt tevens oog voor het werken in teamverband. Je communiceert vlot, weet ideeën uit te wisselen en hebt oog voor overleg. Je bent verantwoordelijk, flexibel en je hebt zin voor initiatief in een dynamische werkomgeving. Je beheerst het Nederlands uitstekend, zowel gesproken als geschreven. Daarnaast heb je een passieve kennis van het Frans en een goede kennis van het Engels. Aanbod Je krijgt een gevarieerde, uitdagende en maatschappelijk relevante job waarbij je bijdraagt aan IT-oplossingen die een belangrijke rol spelen in de samenleving. Onze slogan 'ICT for society' weerspiegelt dit perfect. Zoek je een goede balans tussen werk en privéleven? Geniet van flexibele werkuren en maak gebruik van ons zeer uitgebreid telewerkbeleid . We bieden ruime interne en externe opleidingsmogelijkheden, waardoor je je technische skills en persoonlijke vaardigheden voortdurend kunt aanscherpen. We bieden je een competitief salaris, aangevuld met extralegale voordelen zoals hospitalisatieverzekering, aanvullend pensioenplan, maaltijdcheques, ecocheques,… IT-functies kunnen rekenen op een mobiliteitsbudget met de keuze voor een bedrijfswagen en/of terugbetaling openbaar vervoer. Onder bepaalde voorwaarden kan je dit budget zelfs gebruiken voor de betaling van je huur of hypothecaire lening. Via ons 'Benefits at Work'-platform geniet je van mooie kortingen op mode, elektronica, daguitstappen, vakantieverblijven, … We voeren een gelijkekansenbeleid en vinden o.a. equal pay belangrijk. Solliciteren IT - Data Management Data Architect Data Engineer Health Sector Data Quality Expert Data Solution Manager Program Manager Data Search modal Zoeken",smals_web,2026-09-25T21:15:35.722436+00:00,True,,Master's degree mentioned,"Dutch, French, English","sql, power bi, data quality, data governance","databricks, dbt",72,"Data Analyst; matched: sql, power bi, data quality, data governance; potential gaps: databricks, dbt; senior title; Master's degree mentioned",passed,
Junior Data Governance Consultant,Data Governance / Quality,Datashift,Mechelen,,,,https://careers.datashift.eu/o/data-governance-consultant-2-3,"Datashift NV Homepage Datashift NV Homepage Junior Data Governance Consultant Mechelen Job details Apply Job description Are you a recent graduate with a Master’s degree and 0 to 3 years of experience in data governance or data management? Are you eager to make a lasting impact on clients and help shape the future of data governance ? Do you want to be part of building a high-performing Data Governance team? Let’s connect! Your Responsibilities As a Junior Data Governance Engineer, you will: Support clients in their journey to becoming data-driven organizations ; Build and maintain scalable data solutions (e.g., metadata pipelines, data profiling, data classification); Translate client requirements into actionable data intelligence solutions ; Design and implement data governance platforms such as Collibra, Soda, or Microsoft Purview; Assist project managers in the technical rollout of data governance initiatives; Contribute to advisory projects , helping clients define data governance roles, responsibilities, and organizational structures. Your Role As a Junior Data Governance Consultant at Datashift, you help steer how organizations manage their data and act as the bridge between the business and its data. You dive deep into the business to help define what data truly means by mapping which data exists, what it represents, who has access to it, who is responsible for it, and how it can be used reliably. Together with experienced colleagues, you work on governance solutions around data definitions, metadata, and regulatory requirements, often using tools such as Collibra. You facilitate workshops, give demos, support users, and engage with a wide range of stakeholders, translating complex challenges into clear data agreements and processes. If you’re interested in also exploring the technical side of data governance, there is certainly room to grow in that direction as well. In doing so, you make data tangible, understandable, and usable—and help organizations grow in their data maturity. Job requirements Your Qualifications 0–3 years of experience in consulting or service-oriented environments; Certification or hands-on experience with Collibra or similar governance tools is a plus; Understanding of enterprise data landscapes is an advantage; Familiarity with use cases such as GDPR, Business Glossary, Data Quality, Data Lineage, or Reporting Governance is a plus; Strong team player with excellent communication and interpersonal skills; Master’s degree in Business Economics, Civil Engineering, Information Management, or a related field. Your Skillset Technologies: Linux Python Groovy - Java (*) BPMN (Flowable) Collibra Skills: Collibra workflow development (*) Object-oriented programming REST APIs Agile methodologies Collibra platform management Basic SQL (*) Nice to have – eagerness to learn is more important than current expertise. What We Offer A highly entrepreneurial and collaborative team environment; A no-nonsense culture focused on delivering high-quality results; Competitive compensation package including company car, fuel card, meal vouchers, and performance bonus; Continuous learning opportunities to grow your technical, professional, and leadership skills; The opportunity to grow with Datashift—both in capabilities and financial rewards. Interested? Apply now via the link below and take the next step in your data governance career! Apply or Share job Mechelen , Belgium My information Fill out the information below Full name * Email address * Phone number * Belgium Belgium International Afghanistan Afghanistan Photo Upload a file or drag and drop here Upload a file or drag and drop here Accepted files: PNG, JPG and JPEG up to 20MB. CV or resume * Upload your CV or resume file Upload a file or drag and drop here Upload a file or drag and drop here Accepted files: PDF, DOC, DOCX, JPEG and PNG up to 50MB. Cover letter Upload your cover letter Upload a file or drag and drop here Upload a file or drag and drop here Accepted files: PDF, DOC, DOCX, JPEG and PNG up to 50MB. Write it here instead Questions Please fill in additional questions How proficient are you in Dutch? * Native/bilingual Full professional level Professional level Limited level Basic level Not How proficient are you in French? * Native/Bilingual Full professional level Professional level Limited level Basic level Not How proficient are you in English? * Native/bilangual Full professional level Professional level Limited level Basic level Not Do you have a driving licence? * Yes No Do you need to be sponsored for a work visa now or in the future? * Yes No Are you resident in Belgium? * Yes No Legal Agreements I have read and agree to the Recruitment Pricacy Statement ﻿ ﻿ ﻿ All fields marked with * are required. Send All done! Your application has been successfully submitted! Other jobs You've already applied for this job Thank you for your interest - we've already received your application, so this new submission can't be accepted. Your previous application is on file. If you need assistance or believe this is an error, please email us at apply@datashift.recruitee-mail.com",datashift_web,2026-09-25T21:15:35.722436+00:00,True,3,Master's in technical field,"Dutch, French, English","sql, data quality, data governance, python, reporting","collibra, purview, scala",72,"Data Governance / Quality; matched: sql, data quality, data governance, python, reporting; potential gaps: collibra, purview, scala; requires 3+ years; Master's in technical field",passed,
Senior Data Analist W-VL,Data Analyst,Pauwels Consulting,"8000, West Flanders, Belgium",,,employee,https://www.pauwelsconsulting.com/job/6e6feb2f-1897-496a-bfeb-020352d31ac5/senior-data-analist-w-vl,"Onze klant, een vooraanstaande en mensgerichte organisatie, is op zoek naar een Data Analist om complexe gegevens om te zetten in strategische inzichten. In deze rol krijg je de kans om een cruciale bijdrage te leveren aan de segmentstrategieën en de dienstverlening continu te verbeteren door middel van geavanceerde analyses. Als schakel tussen de business en engineering capteer je de specifieke behoeften van diverse klantensegmenten en vertaal je deze naar waardevolle inzichten. Je werkt hierbij nauw samen met BI-developers, data-architecten en stewards. Beheren en prioriteren van de analytics roadmap met oog voor budget, security, GDPR en technische haalbaarheid. Ontwerpen, implementeren en testen van analysetechnieken voor grote hoeveelheden data om trends te identificeren. Garanderen van de datakwaliteit en betrouwbaarheid door de naleving van datastandaarden en protocollen. Ontwikkelen en actualiseren van diverse dataproducten ter ondersteuning van de strategische besluitvorming. Analyseren van de markt en relevante trends om advies uit te brengen over technologische innovaties en digitale vernieuwing. 3+ jaar ervaring in operationeel management met een sterke focus op data-analyse en procesoptimalisatie. Expertise in het bouwen van semantische modellen en dashboards in Power BI . Gevorderde kennis van DAX voor het vertalen van complexe logica naar heldere rapportages. Ervaring met het verkennen van brondata en het monitoren van prestaties op basis van trends. Je bent een proactieve bruggenbouwer met sterke communicatieve vaardigheden voor stakeholder management. Je beschikt over een commerciële mindset en een kritische, analytische blik. Je bent veranderingsgericht en vindt vlot je weg in een dynamische en vooruitstrevende werkomgeving. Affiniteit met digitale innovatie en technologische nieuwigheden. Je kan 2 dagen per week werken op kantoor regio Brugge. De andere dagen werk je van thuis, of vanuit andere kantoren verspreid over Vlaanderen. Je krijgt een v ast contract onbepaalde duur inclusief aantrekkelijk pakket aan extralegale voordelen: bedrijfswagen, maaltijdcheques, verzekeringen, cafetariaplan, bonus... Je werkt 38u en krijgt 32 verlofdagen. Je komt terecht in e en dynamische en vooruitstrevende werkomgeving waar digitale innovatie centraal staat. Het gaat over een p rofessionele organisatie met een sterke focus op kwalitatieve dienstverlening en samenwerking. Er is veel aandacht voor een gezonde ""work life balance""",pauwels_consulting_web,2026-09-25T21:15:35.722436+00:00,True,3,not specified,,power bi,,71,Data Analyst; matched: power bi; requires 3+ years; senior title; outside preferred Brussels area,passed,
Senior Functional Data Analyst – Business Intelligence & Strategy,Data Analyst,Pauwels Consulting,"8000, Brugge, West Flanders, Belgium",,,"employee, freelance",https://www.pauwelsconsulting.com/job/8c5110d4-213c-11f1-b591-ff07a0f56941/senior-functional-data-analyst-business-intelligence-strategy,"Our client, a leading organization in the professional services sector, is seeking a Functional Data Analyst to bridge the gap between business stakeholders and data engineering teams. This role involves translating complex business needs into actionable data products and strategic insights to drive digital innovation. The focus is on managing the analytics roadmap, ensuring data quality, and validating high-impact reporting solutions. Translate business needs into clear user stories, requirements, and acceptance criteria for data engineering teams. Design mockups and technical specifications for data products including dashboards, reports, and data flows. Manage the analytics roadmap by prioritizing initiatives based on technical feasibility, budget, security, and GDPR compliance. Execute User Acceptance Testing (UAT) to validate data products against functional requirements and group standards. Facilitate stakeholder workshops within business units to capture requirements and communicate project progress. Monitor and validate data quality in collaboration with data stewards to ensure reliable strategic reporting. You have 5+ years of experience in functional or data analysis within Business Intelligence environments. You bring professional experience using Power BI for report validation and dashboard specifications. You possess working knowledge of SQL for data validation and ad hoc querying. You have experience with Azure DevOps or Jira for user story management and agile sprint tracking. You're proficient in Confluence or SharePoint for documenting data definitions and business rules. You have knowledge of GDPR , data security, and scalability standards within data platforms. You bring a proactive analytical mindset with the ability to bridge business and technical teams. You are fluent in Dutch and English . Nice to Haves Experience with market trend analysis and digital innovation advisory. Familiarity with data modeling and architecture principles. Start date: ASAP Duration: project length Work regime: Full-time Location: Bruges Working model: Hybrid (minimum 2 days/week onsite) Contract: open to both permanent employees and freelancers",pauwels_consulting_web,2026-09-25T21:15:35.722436+00:00,True,5,not specified,"Dutch, English","sql, power bi, data quality, reporting, data modeling",scala,69,"Data Analyst; core BI/Data Analyst title; matched: sql, power bi, data quality, reporting, data modeling; potential gaps: scala; requires 5+ years; senior title; outside preferred Brussels area",passed,
Corporate Data Analist,Data Analyst,Pauwels Consulting,"8000, West Flanders, Belgium",,,employee,https://www.pauwelsconsulting.com/job/afb3033b-4bed-42aa-9846-f258dd28856a/corporate-data-analist,"Onze klant, een toonaangevende en mensgerichte organisatie gespecialiseerd in dienstverlening voor ondernemers, zoekt een Corporate Data Analist om complexe data te vertalen naar strategische groei. In deze rol combineer je technische expertise met business-inzicht om de digitale maturiteit en operationele efficiëntie van de organisatie direct te beïnvloeden. Je werkt nauw samen met corporate diensten, data engineers en data architects om de vertaalslag te maken van ruwe data naar waardevolle sturingsinformatie. Je rapporteert over de voortgang van de analytics roadmap en adviseert stakeholders op basis van jouw bevindingen. In kaart brengen van businessbehoeften en deze vertalen naar relevante analyses, dashboards en datagedreven inzichten ter ondersteuning van strategische beslissingen. Ontwikkelen, testen en optimaliseren van dataproducten die trends, opportuniteiten en risico’s visualiseren voor het management. Beheren van de prioriteiten binnen de analytics roadmap, rekening houdend met budgetten, GDPR , security en technische haalbaarheid. Bewaken van de datakwaliteit en consistentie door het toepassen van standaarden en kwaliteitscontroles. Omzetten van data-inzichten naar concrete beleidsaanbevelingen voor de verdere uitbouw van de organisatie. Opvolgen van innovaties binnen data en analytics om processen en besluitvorming continu te professionaliseren. Je beschikt over een masterdiploma in een analytische richting of bent gelijkwaardig door relevante werkervaring. Je hebt sterke ervaring met het modelleren van datasets en het bouwen van rapportages in Power BI . Je beschikt over een diepgaande kennis van DAX om complexe logica te vertalen naar gebruiksvriendelijke dashboards. Je hebt ervaring in het samenwerken met diverse stakeholders en kunt vlot schakelen tussen business-noden en technische IT-oplossingen. Je bent in staat om complexe materie begrijpelijk over te brengen aan verschillende doelgroepen. Je bent kritisch, nieuwsgierig en proactief ingesteld om verbeterpotentieel binnen de organisatie te detecteren. Je beschikt over uitstekende organisatorische vaardigheden om diverse projecten en deadlines efficiënt te beheren. Je bent communicatief vaardig en vloeiend in het Nederlands . Affiniteit met data-architectuur en databeveiliging is een pluspunt. Contract: vast contract van onbepaalde duur. Extra-legale voordelen: bedrijfswagen met laadpas en laadinstallatie, maaltijdcheques, ecocheques, cadeaucheques, hospitalisatieverzekering, pensioenfonds, loonbonus en een flexibel verloningssysteem (o.a. fietsleasing). Arbeidsregime: voltijds (38u) met een glijdend uurrooster. Werkmodel: hybride (telewerk mogelijk na de inwerkperiode). Vakantie: 32 vakantiedagen bij een voltijdse tewerkstelling. Opleiding: uitgebreid aanbod aan e-learnings en georganiseerde opleidingen voor persoonlijke groei. Atmosfeer: een professionele werkomgeving met een sterke focus op welzijn en een informele compagnon-cultuur.",pauwels_consulting_web,2026-09-25T21:15:35.722436+00:00,True,,Master's degree mentioned,Dutch,power bi,,67,Data Analyst; matched: power bi; Master's degree mentioned; outside preferred Brussels area,passed,
Data Engineer Health Sector,Data Engineering (stretch),Smals,,,,,https://www.smals.be/nl/jobs/apply/7050/data-engineer-health-sector,"Onze website gebruikt cookies om de site gebruiksvriendelijker te maken. Meer weten Doorgaan Skip to main content NL Nederlands Français Data Engineer Health Sector Solliciteren Functiebeschrijving Als Data Engineer Health Sector maak je deel uit van het Data Office, waar multidisciplinaire Agile-teams werken (Data Engineer, Projectleiders, Data Architects, specialisten in Data Governance en Data Quality, AI-experts, enz.). Je ontwikkelt analytische oplossingen (datawarehouses en datamarts) volgens de Kimball-methodologie, met behulp van de Microsoft-stack (SSIS / SSAS) en Azure Databricks. Rol en verantwoordelijkheden: - BI-oplossingen ontwerpen, bouwen, implementeren en onderhouden volgens de standaarden, functionele en niet-functionele vereisten (prestaties, gegevensvolume), in samenwerking met de Data Architecten. - De analytische oplossing testen, de troubleshooting uitvoeren, zorgen voor het onderhoud en adequate technische documentatie leveren. - De gevraagde visuals en rapporten in Power BI of SSRS maken. - De prototypes reviewen, demo's geven en de gebruikers opleiden in het gebruik van datamodellen. - Samenwerken met de projectleider gedurende het project om ervoor te zorgen dat de oplossing op een Agile en pragmatische manier opgeleverd wordt. Profiel Je behaalde een masterdiploma in de Informatica of hebt een gelijkwaardige ervaring en minstens 3 jaar ervaring als Data Engineer op de Microsoft BI-stack (Visual Studio, SSIS, SSAS, SSMS, SSRS, Power BI, SQL Server, ...). Ervaring met Azure Databricks en Python is een troef. Je hebt bovendien een ruime ervaring met het ontwerpen van datawarehouses (Kimball dimensionale modellering) en bij voorkeur ervaring met Agile-projecten. Je combineert een proactieve houding met een zeer goed verantwoordelijkheidsgevoel en autonomie. Je beschikt over sterke probleemoplossende vaardigheden, hebt een pragmatische aanpak en bent resultaatgericht. Je bent een goede teamspeler, volhardend, stressbestendig en flexibel. Je leert graag bij en geeft blijk van een open geest. Je beheerst bovendien beide landstalen. Aanbod Je krijgt een gevarieerde, uitdagende en maatschappelijk relevante job waarbij je bijdraagt aan IT-oplossingen die een belangrijke rol spelen in de samenleving. Onze slogan 'ICT for society' weerspiegelt dit perfect. Zoek je een goede balans tussen werk en privéleven? Geniet van flexibele werkuren en maak gebruik van ons zeer uitgebreid telewerkbeleid . We bieden ruime interne en externe opleidingsmogelijkheden, waardoor je je technische skills en persoonlijke vaardigheden voortdurend kunt aanscherpen. We bieden je een competitief salaris, aangevuld met extralegale voordelen zoals hospitalisatieverzekering, aanvullend pensioenplan, maaltijdcheques, ecocheques,… IT-functies kunnen rekenen op een mobiliteitsbudget met de keuze voor een bedrijfswagen en/of terugbetaling openbaar vervoer. Onder bepaalde voorwaarden kan je dit budget zelfs gebruiken voor de betaling van je huur of hypothecaire lening. Via ons 'Benefits at Work'-platform geniet je van mooie kortingen op mode, elektronica, daguitstappen, vakantieverblijven, … We voeren een gelijkekansenbeleid en vinden o.a. equal pay belangrijk. Solliciteren IT - Data Management Data Architect Data Quality Expert Data Solution Manager Program Manager Data Senior Data Analyst Search modal Zoeken",smals_web,2026-09-25T21:15:35.722436+00:00,True,3,Master's or equivalent experience,"Dutch, French","sql, power bi, datawarehouse, data quality, data governance, python","databricks, informatica",65,"Data Engineering (stretch); matched: sql, power bi, datawarehouse, data quality, data governance, python; potential gaps: databricks, informatica; requires 3+ years; Master's or equivalent experience",passed,
Medior Databricks Data Engineer,Data Engineering (stretch),LACO,Diegem,,,,https://www.laco.be/medior-data-engineer-databricks,"Do you enjoy working hands-on with Databricks and Spark to turn raw data into scalable pipelines? Ready to help shape the future of cloud-native data platforms? Then LACO has a role you’ll want to dig into. As our Medior Databricks Data Engineer , you support the design, development and deployment of data solutions within the Databricks ecosystem on our clients’ Azure platforms. You work closely with other data engineers, analytics specialists, and developers to build scalable, reliable, and high-performance data pipelines and architectures. Your job Contribute to the design, development and optimisation of scalable data solutions in Microsoft Azure, with a strong focus on Databricks and Spark Implement data pipelines (ETL/ELT) for batch and streaming workloads, ensuring performance, reliability, and maintainability Support the setup and optimisation of Databricks and Azure environments, including CI/CD automation and cloud infrastructure practices Help ensure solutions meet enterprise standards for security, governance and compliance. Collaborate with stakeholders and cross-functional teams to deliver data solutions that drive business impact Share knowledge and best practices with junior engineers , while continuing to grow your own expertise in Databricks, Spark, ETL and cloud architecture Your job Contribute to the design, development and optimisation of scalable data solutions in Microsoft Azure, with a strong focus on Databricks and Spark Implement data pipelines (ETL/ELT) for batch and streaming workloads, ensuring performance, reliability, and maintainability Support the setup and optimisation of Databricks and Azure environments, including CI/CD automation and cloud infrastructure practices Help ensure solutions meet enterprise standards for security, governance and compliance. Collaborate with stakeholders and cross-functional teams to deliver data solutions that drive business impact Share knowledge and best practices with junior engineers , while continuing to grow your own expertise in Databricks, Spark, ETL and cloud architecture You have at least 2 years of experience as a data engineer You have a solid understanding of the Microsoft Azure ecosystem You have hands-on experience with Databricks , including Spark (PySpark, Spark SQL) You have strong SQL and Python skills You have a solid understanding of data modelling concepts You have experience with building robust ETL/ELT pipelines You’re familiar with cloud architecture and DevOps practices, including CI/CD for data engineering You communicate fluently in Dutch and/or French and English , written and spoken Your skills You have at least 2 years of experience as a data engineer You have a solid understanding of the Microsoft Azure ecosystem You have hands-on experience with Databricks , including Spark (PySpark, Spark SQL) You have strong SQL and Python skills You have a solid understanding of data modelling concepts You have experience with building robust ETL/ELT pipelines You’re familiar with cloud architecture and DevOps practices, including CI/CD for data engineering You communicate fluently in Dutch and/or French and English , written and spoken Your skils Our offer An exciting career opportunity in a dynamic environment, offering a competitive salary that rewards your skills, drive and potential, fully aligned with sector standards Access to cutting-edge Microsoft data & AI projects that keep your knowledge sharp Continuous learning and coaching from experienced LACO colleagues Plenty of freedom to take initiative and make your mark A full-time 40-hour workweek with 20 legal holidays and 12 additional compensation days to keep your work-life balance in check A warm, vibrant and supportive culture where teamwork, fun and regular events are part of the DNA Our offer An exciting career opportunity in a dynamic environment, offering a competitive salary that rewards your skills, drive and potential, fully aligned with sector standards Access to cutting-edge Microsoft data & AI projects that keep your knowledge sharp Continuous learning and coaching from experienced LACO colleagues Plenty of freedom to take initiative and make your mark A full-time 40-hour workweek with 20 legal holidays and 12 additional compensation days to keep your work-life balance in check A warm, vibrant and supportive culture where teamwork, fun and regular events are part of the DNA Apply in 4 steps 1 Let’s meet! Time to get acquainted. We’ll dive deeper into your specific skills and expertise, and you’ll get the opportunity to ask us anything about how we work and what life is like at LACO. 2 Our second date You’ll meet one of our team leads or a subject-matter expert. Together, we explore your technical knowledge, your strengths and the topics you feel most confident in. Sometimes we include a small, practical exercise to understand how you think and how approach data challenges. 3 The final date We’re almost there. Time to meet our HR and Operations Director in our office in Diegem. During a friendly talk, we’ll get to know you and you can get a feel of the atmosphere and culture at LACO. 4 An offer you can’t refuse Next up: getting down to the nitty-gritty. We’ll make you an offer that’s tailored to your needs and expectations, along with a personal onboarding plan. Welcome to the family! Apply in 4 steps 1 Let’s meet! Time to get acquainted. We’ll dive deeper into your specific skills and expertise, and you’ll get the opportunity to ask us anything about how we work and what life is like at LACO. 2 Our second date You’ll meet one of our team leads or a subject-matter expert. Together, we explore your technical knowledge, your strengths and the topics you feel most confident in. Sometimes we include a small, practical exercise to understand how you think and how approach data challenges. 3 The final date We’re almost there. Time to meet our HR and Operations Director in our office in Diegem. During a friendly talk, we’ll get to know you and you can get a feel of the atmosphere and culture at LACO. 4 An offer you can’t refuse Next up: getting down to the nitty-gritty. We’ll make you an offer that’s tailored to your needs and expectations, along with a personal onboarding plan. Welcome to the family! Ready to build better data solutions with Databricks? Get in touch! URL This field is for validation purposes and should be left unchanged. Name (Required) First name Last name Email (Required) Email Phone (Required) Phone What is the best time to contact you? What is the best time to contact you? Anything else to add? Anything else to add? Upload your cv Upload your cv Accepted file types: pdf, png, word, jpg, , Max. file size: 256 MB. More information about how we handle your data can be found in our privacy policy . Let's get in touch! Hi, I’m Anne. I look forward to getting to know you and exploring together whether LACO could be the right place for you to grow.",laco_web,2026-09-25T21:15:35.722436+00:00,True,2,not specified,"Dutch, French, English","sql, etl, python, data modelling","databricks, spark, scala",64,"Data Engineering (stretch); matched: sql, etl, python, data modelling; potential gaps: databricks, spark, scala; requires 2+ years; Brussels area",passed,
Power BI Consultant,Data / Analytics Consulting,Datashift,"Mechelen, VLG, BE",,,FULL_TIME,https://careers.datashift.eu/o/power-bi-consultant,"To further grow our Modern Data Platform Practice, we are currently looking for a skilled Power BI Expert . Do you have at least 3 years of experience in designing and building data solutions with Power BI ? You want to further develop your abilities & knowledge by working together with highly skilled, helpful and fun colleagues? You are not afraid to be challenged intellectually and personally? If so, send us your CV and we’ll contact you for an interview and a cup of coffee. Your responsibilities You’re able to work independently on a Power BI assignment; Analyze user requirements and design business intelligence solutions; Model the data according to business and technical requirements; Perform data analysis and generate insights; Create visualizations and dashboards; Actively participate in knowledge building and sharing; Stay up to date with new features and releases in Power BI (and Fabric); Communicate findings and insights effectively to stakeholders. Your qualifications A minimum of 3 years of experience in speaking with and understanding the needs of clients; Between 3 and 5 years of experience with visualization tools such as Power BI and/or Tableau and/or Qlik and/or Looker; Experience with DAX, Power Query and SQL Hands-on experience with data modeling; Knowledge of best practices in Power BI for both data visualization and VertiPaq internals; Familiarity with ETL processes and data warehousing concepts; Fluent in Dutch and English; Strong communication and interpersonal skills; Problem-solving abilities and attention to detail. Your growth path Further grow our Modern Data Platform Practice; Continuous learning on projects as well as through training; Participate in knowledge building through our competence centers; Gradually, you’ll assume more responsibility and grow to a coaching role for more junior colleagues Our offer A highly entrepreneurial team; A no-nonsense working environment with a focus on high quality; Excellent terms of employment (including company car, fuel card, meal vouchers & bonus,...); Fringe benefits including continuous training that builds and extends professional, technical and management skills in all areas; The opportunity to grow together with Datashift in terms of capabilities as well as financial benefits; The chance to work on projects related to cutting-edge technologies With our offices in Mechelen, Leuven and Gent you can work from several locations. Interested? Are you the Power BI Consultant we are looking for? Don't hesitate to apply via the link below!",datashift_web,2026-09-25T21:15:35.722436+00:00,True,5,not specified,"Dutch, English","sql, power bi, etl, data modeling",tableau,64,"Data / Analytics Consulting; matched: sql, power bi, etl, data modeling; potential gaps: tableau; requires 5+ years",passed,
Data Governance Engineer,Data Governance / Quality,Datashift,Rotterdam,,,,https://careers.datashift.eu/o/data-governance-engineer-1,"Datashift NV Homepage Datashift NV Homepage Data Governance Engineer Rotterdam Job details Apply Job description Datashift is a rapidly growing consultancy team with a focus on delivering solutions that answer business questions with data and facts. In early 2025, we opened an office in Rotterdam to further strengthen our support for clients in the Netherlands and drive our continued growth. Opportunity To support one of our fastest growing practices (i.e. Data Governance & Quality), we are looking for a skilled Data Engineer . In this role, you will play a crucial role in helping our clients unlock the full value of their data by implementing robust governance frameworks and optimizing data management & quality processes. Responsibilities Advise and support clients on data governance best practices – Implement data governance by design / shift left, embedding policies, data quality, and access controls early in the data lifecycle. Integrate governance into data pipelines and platforms using workflows, automation, CI/CD, and tools like Collibra, Purview, or custom frameworks. Automate the capture of technical metadata and lineage from source systems into data governance platforms like (e.g. Collibra). Advise and support the implementation of data quality tools such as Collibra Data Quality, Soda, Monte Carlo, or Great Expectations. Build maintainable data solutions – e.g. metadata pipelines, data profiling scripts, data classification jobs. Job requirements Qualifications 2-5 years of experience – Background in data management, analytics, engineering, or BI, with an interest in transitioning into or deepening expertise in data governance. Consulting & client engagement skills – Preferably, experience working with external clients (or internal stakeholders) to assess requirements, deliver solutions, and support change management. Hands-on experience with data governance platforms – Experience with Collibra or similar platforms is a plus. Technical proficiency – Familiarity with SQL, APIs, and data integration concepts (e.g. ELT); experience with scripting (Python, Groovy, Activiti/Flowable) for workflow automation is considered a plus. Communication – Fluent in English and Dutch. Skillset Technologies Linux Python Groovy* Activiti / Flowable* Collibra Skills SQL and data integration concepts Collibra workflow development* REST APIs Collibra admin* *: Nice to have. Eagerness to learn is more important than current level. Why join Datashift in the Netherlands? Opportunity for strategic impact – Join a fast-growing data consultancy team, expand your skills, and work with top-tier organizations as clients—all while benefiting from the expertise and support of our established practice in Belgium. Competitive package – Receive a comprehensive compensation & benefits plan tailored to match your experience and potential. Client-facing experience – Build your consulting and stakeholder skills while solving deep technical problems. Every project is different – Work with a variety of top-tier clients, from banks to scale-ups each with unique data landscapes. Best-of-breed tooling : Get hands-on experience with market-leading tools and data platforms. Award-winning workplace – We are based in CIC Rotterdam (one of Europe’s Leading Start-up Hubs according to the Financial Times), home to 150+ young companies and literally next to the iconic Centraal Station. A great commute guaranteed. Interested? Don’t hesitate to apply via the link below! Apply or Share job Rotterdam , Netherlands My information Fill out the information below Full name * Email address * Phone number * Netherlands Netherlands International Afghanistan Afghanistan Photo Upload a file or drag and drop here Upload a file or drag and drop here Accepted files: PNG, JPG and JPEG up to 20MB. CV or resume * Upload your CV or resume file Upload a file or drag and drop here Upload a file or drag and drop here Accepted files: PDF, DOC, DOCX, JPEG and PNG up to 50MB. Cover letter Upload your cover letter Upload a file or drag and drop here Upload a file or drag and drop here Accepted files: PDF, DOC, DOCX, JPEG and PNG up to 50MB. Write it here instead Questions Please fill in additional questions Hoe vaardig bent u in het Nederlands? * Native/bilingual Volledige professionele werkvaardigheid Professionele werkvaardigheid Beperkte werkvaardigheid Basisvaardigheid Niet Hoe vaardig bent u in het Frans * Native/Bilingual Volledige professionele werkvaardigheid Professionele werkvaardigheid Basisvaardigheid Werkvaardigheid Niet Hoe vaardig bent u in het Engels * Native/bilangual Volledige professionele werkvaardigheid Professionele werkvaardigheid Werkvaardigheid Basisvaardigheid Niet Hebt u een rijbewijs? * Yes No Moet u nu of in de toekomst worden gesponsord voor een werkvisum? * Yes No Bent u woonachtig in Nederland? * Yes No Legal Agreements I have read and agree to the Recruitment Pricacy Statement ﻿ ﻿ ﻿ All fields marked with * are required. Send All done! Your application has been successfully submitted! Other jobs You've already applied for this job Thank you for your interest - we've already received your application, so this new submission can't be accepted. Your previous application is on file. If you need assistance or believe this is an error, please email us at apply@datashift.recruitee-mail.com",datashift_web,2026-09-25T21:15:35.722436+00:00,True,5,not specified,"Dutch, French, English","sql, data quality, data governance, python","collibra, purview",63,"Data Governance / Quality; matched: sql, data quality, data governance, python; potential gaps: collibra, purview; requires 5+ years",passed,
Data Governance Consultant,Data Governance / Quality,Datashift,Rotterdam,,,,https://careers.datashift.eu/o/data-governance-consultant-2,"Datashift NV Homepage Datashift NV Homepage Data Governance Consultant Rotterdam Job details Apply Job description Datashift is a very fast-growing consultancy team with a focus on delivering solutions that answer business questions with data and facts. In early 2025, we opened an office in Rotterdam to strengthen our support for clients in the Netherlands and drive our continued growth. Opportunity For one of our fastest growing practices, we are looking for a skilled Data Governance Consultant . In this role, you will play a crucial role in guiding our clients in optimizing the benefits of data solutions. Responsibilities Advise clients on data governance best practices – Guide organizations in defining and implementing data governance initiatives, helping them structure policies, roles, and processes. Collaborate with business and IT stakeholders – Bridge the gap between technical teams and business users, facilitating workshops to understand client challenges, drive adoption, and demonstrate the value of data governance initiatives. Implement data governance projects – Work closely with clients on data governance projects, including configuration of data governance platforms (e.g. Collibra). Assess & improve data governance practices – Evaluate clients’ existing data governance maturity, recommend improvements, and assist in implementing scalable solutions that enhance data quality, lineage, and compliance. Job requirements Qualifications 3-5 years of experience – Background in data management, analytics, engineering, or BI, with an interest in transitioning into or deepening expertise in data governance. Consulting & client engagement skills – Preferably, experience working with external clients (or internal stakeholders) to assess requirements, deliver solutions, and support change management. Hands-on experience with data governance platforms – Experience with Collibra is preferred, but experience in other data catalog, metadata management, or governance platforms is also valuable. Technical proficiency – Familiarity with SQL, APIs, and data integration concepts (e.g. ELT); experience with scripting (Python, Groovy) for workflow automation is considered a plus. Communication – Fluent in English and Dutch. Why join Datashift in the Netherlands? Opportunity for strategic impact – Join a fast-growing data consultancy team, expand your skills, and work with top-tier organizations as clients—all while benefiting from the expertise and support of our established practice in Belgium. Competitive package – Receive a comprehensive compensation & benefits plan tailored to match your experience and potential. Award-winning workplace – We are based in CIC Rotterdam (one of Europe’s Leading Start-up Hubs according to the Financial Times), home to 150+ young companies and literally next to the iconic Centraal Station. A great commute guaranteed. Interested? Don’t hesitate to apply via the link below! Apply or Share job Rotterdam , Netherlands My information Fill out the information below Full name * Email address * Phone number * Netherlands Netherlands International Afghanistan Afghanistan Photo Upload a file or drag and drop here Upload a file or drag and drop here Accepted files: PNG, JPG and JPEG up to 20MB. CV or resume * Upload your CV or resume file Upload a file or drag and drop here Upload a file or drag and drop here Accepted files: PDF, DOC, DOCX, JPEG and PNG up to 50MB. Cover letter Upload your cover letter Upload a file or drag and drop here Upload a file or drag and drop here Accepted files: PDF, DOC, DOCX, JPEG and PNG up to 50MB. Write it here instead Questions Please fill in additional questions Hoe vaardig bent u in het Nederlands? * Native/bilingual Volledige professionele werkvaardigheid Professionele werkvaardigheid Beperkte werkvaardigheid Basisvaardigheid Niet Hoe vaardig bent u in het Frans * Native/Bilingual Volledige professionele werkvaardigheid Professionele werkvaardigheid Basisvaardigheid Werkvaardigheid Niet Hoe vaardig bent u in het Engels * Native/bilangual Volledige professionele werkvaardigheid Professionele werkvaardigheid Werkvaardigheid Basisvaardigheid Niet Hebt u een rijbewijs? * Yes No Moet u nu of in de toekomst worden gesponsord voor een werkvisum? * Yes No Bent u woonachtig in Nederland? * Yes No Legal Agreements I have read and agree to the Recruitment Pricacy Statement ﻿ ﻿ ﻿ All fields marked with * are required. Send All done! Your application has been successfully submitted! Other jobs You've already applied for this job Thank you for your interest - we've already received your application, so this new submission can't be accepted. Your previous application is on file. If you need assistance or believe this is an error, please email us at apply@datashift.recruitee-mail.com",datashift_web,2026-09-25T21:15:35.722436+00:00,True,5,not specified,"Dutch, French, English","sql, data quality, data governance, python","collibra, scala",63,"Data Governance / Quality; matched: sql, data quality, data governance, python; potential gaps: collibra, scala; requires 5+ years",passed,
Data Quality Consultant,Data Governance / Quality,Datashift,Mechelen,,,,https://careers.datashift.eu/o/data-quality-consultant,"Datashift NV Homepage Datashift NV Homepage Data Quality Consultant Mechelen • Leuven • +1 more Job details Apply Job description Introduction For one of our fastest growing practices we are looking for a Data Quality Assurance Specialist. Do you have 3 to 5 years of experience of which at least 2 to 3 years in the field of data analysis and/or data quality? And the prospect of helping to grow a company that believes in together creating an impact with Data at our customers sounds good? Then we are delighted to receive your personal application and we’ll contact you for an interview and a (virtual) cup of coffee. Your responsibilities Support clients in the execution of activities of the data quality cycle: data analysis, data quality assessment, impact assessment, etc. Allowing them to independently monitor, prevent and remediate emerging critical data quality issues. Evaluate data from data sources to identify and interpret trends. Identify data quality issues, determine business impact, find out the root cause, collaborate to resolve, and make recommendations for long-term solutions. Gather data from data sources to identify and interpret trends, optimize its efficiency and quality by analyzing and cleansing it, as well as resolving data quality issues. Run data queries to identify coding issues and data exceptions. Support clients in their journey towards becoming data-driven by bridging the gap between business and technology and advising them on best practices, tooling, implementation processes, ... Implement data quality principles, processes, and standards and embed them into the clients’ daily operating rhythm to improve trust in both business and technical data domains. Collaborate with business and database/application developers to improve processes, system- and database designs. Follow-up on the latest developments and trends in data quality analysis and tooling. Job requirements Your Qualifications Bachelor’s or master’s degree in a relevant field (engineering, IT, information management, etc.) or equivalent in experience. 2 to 5 years of experience in consulting or service-oriented environments, and at least 2 years of experience in data analysis. Experience with data quality tooling e.g., Collibra DQ, Soda, Great Expectations, Informatica CDQ, etc.. Knowledge of data landscapes within an organization, understanding of end-to-end data flows (source to consumer), data architecture, and data engineering / -science principles. Affinity with use cases such as Business Glossary, Data Catalog, Data Lineage or Reporting Governance is a plus. Proven success in contributing to a team-oriented environment. Excellent leadership, communication (written and oral) and interpersonal skills. Fluent in Dutch and/or French and English. Skillset Advanced analytical and problem-solving skills. Proficiency in SQL supplemented with at least one other scripting language (e.g., Python, Groovy, R, etc.) Experience with Data Quality tooling. Experience with data governance solutions (Collibra, Datahub, Purview, etc.) is a plus. Your Growth Path Datashift is a firm believer in growing through it's people. We will guide and support you providing a multitude of opportunities to develop and grow in the direction you want. However we equally believe that it's you who takes ownership of your growth. That's why we give you the tools and the driving seat, it's up to you to do seize the opportunity. One thing is for sure, surrounded by an entrepreneurial team, many opportunities will present themself to deepen your expertise knowledge or broaden your responsibilities within a fast growing scale-up. Our offer A highly entrepreneurial team where initiatives are highly valued and room is given to grow; A no-nonsense working environment where you will have a direct impact and deliver meaningful results (whilst having a lot of fun); Excellent terms of employment; Joining a fast growing company means growing together with it: learn new skills, take a variety of responsibilities and opportunities that continuously present themselves Fringe benefits including continuous training that builds and extends professional, technical and management skills in all areas; The opportunity to grow together with Datashift in terms of capabilities as well as financial benefits. Interested? Don't hesitate to apply via the link below! Apply or Share job Mechelen , Belgium • Leuven , Belgium • +1 more My information Fill out the information below Full name * Email address * Phone number * Belgium Belgium International Afghanistan Afghanistan Photo Upload a file or drag and drop here Upload a file or drag and drop here Accepted files: PNG, JPG and JPEG up to 20MB. CV or resume * Upload your CV or resume file Upload a file or drag and drop here Upload a file or drag and drop here Accepted files: PDF, DOC, DOCX, JPEG and PNG up to 50MB. Cover letter Upload your cover letter Upload a file or drag and drop here Upload a file or drag and drop here Accepted files: PDF, DOC, DOCX, JPEG and PNG up to 50MB. Write it here instead Questions Please fill in additional questions How proficient are you in Dutch? * Native/bilingual Full professional level Professional level Limited level Basic level Not How proficient are you in French? * Native/Bilingual Full professional level Professional level Limited level Basic level Not How proficient are you in English? * Native/bilangual Full professional level Professional level Limited level Basic level Not Do you have a driving licence? * Yes No Do you need to be sponsored for a work visa now or in the future? * Yes No Are you resident in Belgium? * Yes No What is your preferred work location? * Leuven (Havenkant 8, Leuven, Vlaams-Brabant, Belgium) Mechelen (Oude Brusselsestraat 14, Mechelen, Antwerpen, Belgium) Legal Agreements I have read and agree to the Recruitment Pricacy Statement ﻿ ﻿ ﻿ All fields marked with * are required. Send All done! Your application has been successfully submitted! Other jobs You've already applied for this job Thank you for your interest - we've already received your application, so this new submission can't be accepted. Your previous application is on file. If you need assistance or believe this is an error, please email us at apply@datashift.recruitee-mail.com",datashift_web,2026-09-25T21:15:35.722436+00:00,True,5,Bachelor's/Master's or equivalent experience,"Dutch, French, English","sql, data quality, data governance, python, reporting","collibra, informatica, purview",63,"Data Governance / Quality; matched: sql, data quality, data governance, python, reporting; potential gaps: collibra, informatica, purview; requires 5+ years; Bachelor's/Master's or equivalent experience",passed,
Data Functional Analyst,Functional / Business Data Analysis,Smals,,,,,https://www.smals.be/nl/jobs/apply/6943/data-functional-analyst,"Onze website gebruikt cookies om de site gebruiksvriendelijker te maken. Meer weten Doorgaan Skip to main content NL Nederlands Français Data Functional Analyst Solliciteren Functiebeschrijving Als Data Functional Analyst maak je deel uit van het Data Office, waar multidisciplinaire agile-teams werken (Data Engineer, Project Leader, Data Architects, Data Governance- en Data Quality-specialisten, AI-Experts, enz.). Rol & verantwoordelijkheden - Gesprekken voeren met verschillende SME (Subject Matter Expert) om hun business behoeften te begrijpen. - Bedrijfsprocessen en operationele en analytische dataflows (inkomend en uitgaand) identificeren, evalueren en begrijpen. - De behoeften van de organisatie vertalen naar data en technische vereisten. - In samenwerking met de data-architecten datamodellen ontwerpen en valideren. - In samenwerking met het datagovernanceteam, de technische BI-verantwoordelijken en de IT-teams het functionele ontwerp van onze ontwikkelingen vaststellen. - In contact staan met de Data Protection Manager om de naleving van de GDPR en de gegevensbeveiliging te waarborgen. - Zorgen voor het testen van de ontwikkelde dataoplossingen. - Informeren en opleiden over datagerelateerde onderwerpen en het gebruik en de acceptatie van de ontwikkelde oplossingen stimuleren. Profiel Je hebt een master in IT of een gelijkwaardige ervaring en minstens 5 jaar ervaring in functionele data-analyse. Bovendien beschik je over concrete ervaring in het modelleren van datawarehouses (Kimball-aanpak). Ook heb je ervaring in het ontwerpen en analyseren van dataflows. Eerdere ervaring als data-engineer is een pluspunt. Je hebt minimaal 3 jaar concrete ervaring met MS on-premise stack (SQL Server, SSIS, SSAS, PowerBI). Ervaring met Azure Databricks is een pluspunt. Dankzij jouw uitstekende communicatieve en presentatievaardigheden kun je de behoeften van het bedrijf vertalen naar technische oplossingen. Je beschikt over goede conceptuele en commerciële vaardigheden. Je bent oplossingsgericht en dankzij jouw pragmatische aanpak kun je de nodige maatregelen nemen om de doelstellingen te bereiken. Je bent een goede teamspeler en kunt mensen verbinden rond een gemeenschappelijk doel. Je bent een doorzetter, stressbestendig en flexibel persoon, die graag leert en openstaat voor nieuwe ideeën. Je beheerst bovendien beide landstalen. Aanbod Je krijgt een gevarieerde, uitdagende en maatschappelijk relevante job waarbij je bijdraagt aan IT-oplossingen die een belangrijke rol spelen in de samenleving. Onze slogan 'ICT for society' weerspiegelt dit perfect. Zoek je een goede balans tussen werk en privéleven? Geniet van flexibele werkuren en maak gebruik van ons zeer uitgebreid telewerkbeleid . We bieden ruime interne en externe opleidingsmogelijkheden, waardoor je je technische skills en persoonlijke vaardigheden voortdurend kunt aanscherpen. We bieden je een competitief salaris, aangevuld met extralegale voordelen zoals hospitalisatieverzekering, aanvullend pensioenplan, maaltijdcheques, ecocheques,… IT-functies kunnen rekenen op een mobiliteitsbudget met de keuze voor een bedrijfswagen en/of terugbetaling openbaar vervoer. Onder bepaalde voorwaarden kan je dit budget zelfs gebruiken voor de betaling van je huur of hypothecaire lening. Via ons 'Benefits at Work'-platform geniet je van mooie kortingen op mode, elektronica, daguitstappen, vakantieverblijven, … We voeren een gelijkekansenbeleid en vinden o.a. equal pay belangrijk. Solliciteren IT - Business & Functional Analysis Functional Analyst Functional Analyst Security IT Analyst Innovation & Synergy Senior Functional Analyst Search modal Zoeken",smals_web,2026-09-25T21:15:35.722436+00:00,True,5,Master's or equivalent experience,"Dutch, French","sql, datawarehouse, data quality, data governance",databricks,62,"Functional / Business Data Analysis; matched: sql, datawarehouse, data quality, data governance; potential gaps: databricks; requires 5+ years; Master's or equivalent experience",passed,
Medior Fabric Data Engineer,Data Engineering (stretch),LACO,Diegem,,,,https://www.laco.be/medior-fabric-data-engineer,"Are you eager to work hands-on with Microsoft Fabric and help shape the next generation of cloud data solutions? Do you enjoy turning technical complexity into scalable, usable architecture? Then LACO has a challenge made for you. As our Medior Fabric Data Engineer, you support the design, development and deployment of data solutions within the Microsoft Fabric ecosystem on our clients’ Azure platforms. You work closely with other data engineers, analytics specialists, and developers to build scalable, reliable, and high-performance data pipelines and architectures. Your job Design and build scalable data solutions in Microsoft Azure, with a focus on Microsoft Fabric Contribute to data projects within the Microsoft Fabric environment , supporting tasks from requirements analysis and architecture design to implementation Ensure all data solutions follow enterprise standards for security, governance and compliance Collaborate with clients and cross-functional teams, providing technical input and supporting project delivery Take part in innovative data initiatives across sectors such as financial services, life sciences, and energy, as part of the LACO team Grow your knowledge in Azure, Fabric and AI , and share insights to support team development Your job Design and build scalable data solutions in Microsoft Azure, with a focus on Microsoft Fabric Contribute to data projects within the Microsoft Fabric environment , supporting tasks from requirements analysis and architecture design to implementation Ensure all data solutions follow enterprise standards for security, governance and compliance Collaborate with clients and cross-functional teams, providing technical input and supporting project delivery Take part in innovative data initiatives across sectors such as financial services, life sciences, and energy, as part of the LACO team Grow your knowledge in Azure, Fabric and AI , and share insights to support team development You have 2+ years of experience as a data engineer You bring strong hands-on experience with the Microsoft Azure ecosystem You’ve worked within Microsoft Fabric and understand its architecture and components You have a solid grasp of data modelling principles You’re skilled in SQL and Python You are fluent in Dutch and/or French and English Familiarity with dbt is a plus Your skills You have 2+ years of experience as a data engineer You bring strong hands-on experience with the Microsoft Azure ecosystem You’ve worked within Microsoft Fabric and understand its architecture and components You have a solid grasp of data modelling principles You’re skilled in SQL and Python You are fluent in Dutch and/or French and English Familiarity with dbt is a plus Your skils Our offer A strong career opportunity with conditions that match your skills, experience and ambition Continuous learning and access to cutting-edge Microsoft data & AI projects Coaching and support from experienced LACO colleagues Plenty of freedom to take initiative and make your mark A full-time 40-hour workweek with 20 legal holidays and 12 additional compensation days to keep your work-life balance in check A warm, vibrant and supportive culture where teamwork, fun and regular events are part of the DNA Our offer A strong career opportunity with conditions that match your skills, experience and ambition Continuous learning and access to cutting-edge Microsoft data & AI projects Coaching and support from experienced LACO colleagues Plenty of freedom to take initiative and make your mark A full-time 40-hour workweek with 20 legal holidays and 12 additional compensation days to keep your work-life balance in check A warm, vibrant and supportive culture where teamwork, fun and regular events are part of the DNA Apply in 4 steps 1 Let’s meet! Time to get acquainted. We’ll dive deeper into your specific skills and expertise, and you’ll get the opportunity to ask us anything about how we work and what life is like at LACO. 2 Our second date You’ll meet one of our team leads or a subject-matter expert. Together, we explore your technical knowledge, your strengths and the topics you feel most confident in. Sometimes we include a small, practical exercise to understand how you think and how approach data challenges. 3 The final date We’re almost there. Time to meet our HR and Operations Director in our office in Diegem. During a friendly talk, we’ll get to know you and you can get a feel of the atmosphere and culture at LACO. 4 An offer you can’t refuse Next up: getting down to the nitty-gritty. We’ll make you an offer that’s tailored to your needs and expectations, along with a personal onboarding plan. Welcome to the family! Apply in 4 steps 1 Let’s meet! Time to get acquainted. We’ll dive deeper into your specific skills and expertise, and you’ll get the opportunity to ask us anything about how we work and what life is like at LACO. 2 Our second date You’ll meet one of our team leads or a subject-matter expert. Together, we explore your technical knowledge, your strengths and the topics you feel most confident in. Sometimes we include a small, practical exercise to understand how you think and how approach data challenges. 3 The final date We’re almost there. Time to meet our HR and Operations Director in our office in Diegem. During a friendly talk, we’ll get to know you and you can get a feel of the atmosphere and culture at LACO. 4 An offer you can’t refuse Next up: getting down to the nitty-gritty. We’ll make you an offer that’s tailored to your needs and expectations, along with a personal onboarding plan. Welcome to the family! Ready to shape the future of data with Microsoft Fabric? Get in touch! URL This field is for validation purposes and should be left unchanged. Name (Required) First name Last name Email (Required) Email Phone (Required) Phone What is the best time to contact you? What is the best time to contact you? Anything else to add? Anything else to add? Upload your cv Upload your cv Accepted file types: pdf, png, word, jpg, , Max. file size: 256 MB. More information about how we handle your data can be found in our privacy policy . Let's get in touch! Hi, I’m Anne. I look forward to getting to know you and exploring together whether LACO could be the right place for you to grow.",laco_web,2026-09-25T21:15:35.722436+00:00,True,2,not specified,"Dutch, French, English","sql, python, data modelling","dbt, microsoft fabric, scala",60,"Data Engineering (stretch); matched: sql, python, data modelling; potential gaps: dbt, microsoft fabric, scala; requires 2+ years; Brussels area",passed,
Data Governance Engineer,Data Governance / Quality,Datashift,Mechelen,,,,https://careers.datashift.eu/o/data-governance-engineer,"Datashift NV Homepage Datashift NV Homepage Data Governance Engineer Mechelen Data Governance or Data Management experience, and want to create impact? Job details Apply Job description Have you graduated with a master’s degree, already 3 to 5 years of experience in data governance and/or data management and are you eager to have an everlasting impact on clients? Do you want to build and grow a Data Governance team? Let's connect! Your responsibilities Support clients in their journey towards becoming data driven; Build maintainable data solutions (metadata pipelines, data profiling, data classification solutions and enable AI-chatbots); Understand client requirements and translate them into data intelligence solutions; Design data governance solutions in Collibra; Support project manager in technical roll-out of Collibra; Participate in advisory of clients on the set-up of data departments and teams (incl. defining roles and responsibilities) Job requirements Your qualifications 2 to 5 years of experience in consulting or service-oriented environments; Experience and certification in Collibra (or equivalent tooling) is a plus; Knowledge of data landscapes within an organization is a plus; Affinity with use cases such as data products, GDPR, Business Glossary, Data Quality, Data Lineage or Reporting Governance is a plus; Proven success in contributing to a team-oriented environment; Excellent leadership, communication (written and oral) and interpersonal skills; Master Degree in the field of Business Economics, Civil Engineering or Information Management; Skillset Technologies Linux Python Groovy (*) Activiti (*) Collibra Skills Collibra workflow development (*) object based programming REST API’s Agile way of working Collibra management SQL (limited) *: Nice to have. Eagerness to learn in these domains/skills is more important than current level Our offer A highly entrepreneurial team; A no-nonsense working environment with a focus on high quality; Excellent terms of employment (including company car, fuel card, meal vouchers & bonus); Fringe benefits including continuous training that builds and extends professional, technical and management skills in all areas; The opportunity to grow together with Datashift in terms of capabilities as well as financial benefits. Interested? Don't hesitate to apply via the button below! Apply or Share job Mechelen , Belgium My information Fill out the information below Full name * Email address * Phone number * Belgium Belgium International Afghanistan Afghanistan CV or resume * Upload your CV or resume file Upload a file or drag and drop here Upload a file or drag and drop here Accepted files: PDF, DOC, DOCX, JPEG and PNG up to 50MB. Cover letter Upload your cover letter Upload a file or drag and drop here Upload a file or drag and drop here Accepted files: PDF, DOC, DOCX, JPEG and PNG up to 50MB. Write it here instead Questions Please fill in additional questions How proficient are you in Dutch? * Native/bilingual Full professional level Professional level Limited level Basic level Not How proficient are you in French? * Native/Bilingual Full professional level Professional level Limited level Basic level Not How proficient are you in English? * Native/bilangual Full professional level Professional level Limited level Basic level Not Do you have a driving licence? * Yes No Do you need to be sponsored for a work visa now or in the future? * Yes No Are you resident in Belgium? * Yes No Legal Agreements I have read and agree to the Recruitment Pricacy Statement ﻿ ﻿ ﻿ All fields marked with * are required. Send All done! Your application has been successfully submitted! Other jobs You've already applied for this job Thank you for your interest - we've already received your application, so this new submission can't be accepted. Your previous application is on file. If you need assistance or believe this is an error, please email us at apply@datashift.recruitee-mail.com",datashift_web,2026-09-25T21:15:35.722436+00:00,True,5,Master's in technical field,"Dutch, French, English","sql, data quality, data governance, python, reporting",collibra,60,"Data Governance / Quality; matched: sql, data quality, data governance, python, reporting; potential gaps: collibra; requires 5+ years; Master's in technical field",passed,
Data Quality Analyst,Data Governance / Quality,Datashift,Mechelen,,,,https://careers.datashift.eu/o/data-quality-analyst,"Datashift NV Homepage Datashift NV Homepage Data Quality Analyst Mechelen Job details Apply Job description Introduction For one of our fast growing practices, we are looking for a Data Quality Analyst. If the following questions spark your curiosity, this role might be exactly what you’re looking for: How do you define “good data quality” when working with unstructured data such as text and images? How do you approach the challenge of data quality for “AI” versus “AI for data quality”? What are the biggest blind spots organizations face when measuring data quality? How would you design a data quality framework for LLM-based applications? Case: A company wants to deploy an AI assistant or chatbot on top of poorly documented and inconsistent internal data—how would you approach this in your first 90 days? Your Role This is a primarily advisory position, focused on enabling rather than executing. While you’re comfortable stepping into hands-on data challenges when needed, the role is not designed as a traditional staffing position embedded in day-to-day operational work. Instead, you support clients in building the right frameworks, processes, and capabilities, empowering their teams to independently manage and improve their data quality landscape. This is neither a pure data analysis nor data engineering role, and it goes beyond simply executing assigned tasks. You are expected to proactively identify opportunities and challenges, guide improvements, and provide clear direction in a fast-evolving data environment. In short: you create tangible, lasting impact. Your responsibilities Develop and implement data quality standards, communicate data (quality) principles fit for the specific client context and embed them in the client’s daily operating rhythm to improve trust in both business and technical data domains. Advice clients on tool and technology improvements in function of the client’s maturity, technology stack and needs. Support clients in their day-to-day activities by bridging the gap between business and technology on topics like data quality business needs, monitoring and remediation processes; Train them on what good data quality looks like and inspire them with best practices and tooling knowledge. Identify opportunities to create more impact with the available tool stack, launch experiments to optimize workflows and collaborate with client teams to improve process automation accordingly. Help clients to internally promote its data quality tooling and refine its value proposition. Increase the adoption of the DQ tooling by supporting teams on its implementation in key use cases. Job requirements Your Qualifications Bachelor’s or master’s degree in a relevant field (engineering, IT, information management, etc.) or equivalent in experience. 2 to 5 years of experience in consulting or service-oriented environments, and at least 2 years of experience in data analysis. Fluent in Dutch and/or French and English. Skillset Capable to work with AI-aided features in a responsible way. A strong grasp of data quality principles and why they matter to companies. You are able to identify risks and business impact of poor data quality. Understanding of how data is created, transformed and consumed across systems in companies. Understanding of data pipelines and modern data platforms (e.g. data warehouses, ETL/ELT processes). Data governance affinity and awareness of best practices. Specific cataloguing experience is a plus. Comfortable discussing with both business stakeholders and technical teams. Excellent leadership, communication (written and oral) and interpersonal skills. An entrepreneurial mindset to spot opportunities independently, since DQ teams are often small Technologies Proficiency in SQL Proficiency in Databricks or Snowflake or DBT Python * Expe rience with data quality tooling e.g., Collibra DQ*, Soda*, Great Expectations*, Informatica DQ* or experience with developing data quality checks in SQL* *: Nice to have. Eagerness to learn in these domains/skills is more important than current level Your Growth Path Datashift is a firm believer in growing through its people. We will guide and support you providing a multitude of opportunities to develop and grow in the direction you want. However we equally believe that it's you who takes ownership of your growth. That's why we give you the tools and the driving seat, it's up to you to do seize the opportunity. One thing is for sure, surrounded by an entrepreneurial team, many opportunities will present themself to deepen your expertise knowledge or broaden your responsibilities within a fast growing scale-up. Our offer A highly entrepreneurial team where initiatives are highly valued and room is given to grow; A no-nonsense working environment where you will have a direct impact and deliver meaningful results (whilst having a lot of fun); Excellent terms of employment; Joining a fast growing company means growing together with it: learn new skills, take a variety of responsibilities and opportunities that continuously present themselves Fringe benefits including continuous training that builds and extends professional, technical and management skills in all areas; Interested? Don't hesitate to apply via the link below! Apply or Share job Mechelen , Belgium My information Fill out the information below Full name * Email address * Phone number * Belgium Belgium International Afghanistan Afghanistan Photo Upload a file or drag and drop here Upload a file or drag and drop here Accepted files: PNG, JPG and JPEG up to 20MB. CV or resume * Upload your CV or resume file Upload a file or drag and drop here Upload a file or drag and drop here Accepted files: PDF, DOC, DOCX, JPEG and PNG up to 50MB. Cover letter Upload your cover letter Upload a file or drag and drop here Upload a file or drag and drop here Accepted files: PDF, DOC, DOCX, JPEG and PNG up to 50MB. Write it here instead Questions Please fill in additional questions How proficient are you in Dutch? * Native/bilingual Full professional level Professional level Limited level Basic level Not How proficient are you in French? * Native/Bilingual Full professional level Professional level Limited level Basic level Not How proficient are you in English? * Native/bilangual Full professional level Professional level Limited level Basic level Not Do you have a driving licence? * Yes No Do you need to be sponsored for a work visa now or in the future? * Yes No Are you resident in Belgium? * Yes No Legal Agreements I have read and agree to the Recruitment Pricacy Statement ﻿ ﻿ ﻿ All fields marked with * are required. Send All done! Your application has been successfully submitted! Other jobs You've already applied for this job Thank you for your interest - we've already received your application, so this new submission can't be accepted. Your previous application is on file. If you need assistance or believe this is an error, please email us at apply@datashift.recruitee-mail.com",datashift_web,2026-09-25T21:15:35.722436+00:00,True,5,Bachelor's/Master's or equivalent experience,"Dutch, French, English","sql, etl, data warehouse, data quality, data governance, python","databricks, dbt, snowflake, collibra, informatica, spark",59,"Data Governance / Quality; matched: sql, etl, data warehouse, data quality, data governance, python; potential gaps: databricks, dbt, snowflake, collibra, informatica; requires 5+ years; Bachelor's/Master's or equivalent experience",passed,
AWS Data Engineer,Data Engineering (stretch),Capgemini,Search by Location,,,,https://careers.capgemini.com/job/New-York%2C-NY-AWS-Data-Engineer-NY-10001/1431281233,"We use cookies to offer you the best possible website experience. Your cookie preferences will be stored in your browser’s local storage. This includes cookies necessary for the website's operation. Additionally, you can freely decide and change any time whether you accept cookies or choose to opt out of cookies to improve website's performance, as well as cookies used to display content tailored to your interests. Your experience of the site and the services we are able to offer may be impacted if you do not accept all cookies. Modify Cookie Preferences Reject All Cookies Accept All Cookies Skip to main content View Profile Employee Login View Profile Employee Login View Profile Employee Login Search by Keyword Search by Location Show More Options Loading... Country All Location All Grade All Professional Group All Clear Select how often (in days) to receive an alert: Create Alert × Select how often (in days) to receive an alert: Apply now » Apply now Apply Now Start applying with LinkedIn Start Please wait... AWS Data Engineer Choosing Capgemini means choosing a company where you will be empowered to shape your career in the way you’d like, where you’ll be supported and inspired by a collaborative community of colleagues around the world, and where you’ll be able to reimagine what’s possible. Join us and help the world’s leading organizations unlock the value of technology and build a more sustainable, more inclusive world. Job Location Job is located in New Jersey - Onsite Hybrid Your Role 1 Cloud Data Architecture Development Design and implement scalable data architectures using AWS services S3 Redshift Glue Athena EMR DynamoDB Build optimize and maintain ETLELT pipelines for structured and unstructured data Develop realtime and batch ingestion pipelines using AWS Glue Lambda Kinesis or Kafka 2 Data Processing Transformation Utilize Spark AWS EMRGlue Python or Scala to build transformation workflows Implement data quality checks validation rules and automated errorhandling mechanisms Ensure data is optimized for analytics BI and ML use cases 3 Data Warehouse Lakehouse Management Build and maintain data lakes on Amazon S3 and data warehouses on RedshiftSnowflake Create and optimize database schemas partitioning compression and performance tuning Manage metadata cataloging and data lineage via AWS Glue Data Catalog or similar tools 4 DevOps Automation Implement CICD pipelines for data workflows using CodePipeline CodeBuild GitHub Actions or Jenkins Use InfrastructureasCode IaC tools like CloudFormation or Terraform to automate provisioning Monitor pipelines and infrastructure using CloudWatch CloudTrail and AWS Config 5 Security Compliance Governance Apply AWS security best practices including IAM roles KMS encryption VPC networking and Secrets Manager Maintain compliance with organizational data governance and regulatory standards Ensure data privacy retention policies and audit requirements are met 6 Collaboration Stakeholder Management Partner with data scientists analysts and business teams to understand data requirements Provide technical guidance on AWS data capabilities and architectural best practices Troubleshoot pipeline failures performance bottlenecks and data quality issues"" The base compensation range for this role in the posted location is: 80420 to 106050 Capgemini provides compensation range information in accordance with applicable national, state, provincial, and local pay transparency laws. The base compensation range listed for this position reflects the minimum and maximum target compensation Capgemini, in good faith, believes it may pay for the role at the time of this posting. This range may be subject to change as permitted by law. The actual compensation offered to any candidate may fall outside of the posted range and will be determined based on multiple factors legally permitted in the applicable jurisdiction. These may include, but are not limited to: Geographic location, Education and qualifications, Certifications and licenses, Relevant experience and skills, Seniority and performance, Market and business consideration, Internal pay equity. It is not typical for candidates to be hired at or near the top of the posted compensation range. In addition to base salary, this role may be eligible for additional compensation such as variable incentives, bonuses, or commissions, depending on the position and applicable laws. Capgemini offers a comprehensive, non-negotiable benefits package to all regular, full-time employees. In the U.S. and Canada, available benefits are determined by local policy and eligibility and may include: Paid time off based on employee grade (A-F), defined by policy: Vacation: 12-25 days, depending on grade, Company paid holidays, Personal Days, Sick Leave Medical, dental, and vision coverage (or provincial healthcare coordination in Canada) Retirement savings plans (e.g., 401(k) in the U.S., RRSP in Canada) Life and disability insurance Employee assistance programs Other benefits as provided by local policy and eligibility Important Notice: Compensation (including bonuses, commissions, or other forms of incentive pay) is not considered earned, vested, or payable until it becomes due under the terms of applicable plans or agreements and is subject to Capgemini’s discretion, consistent with applicable laws. The Company reserves the right to amend or withdraw compensation programs at any time, within the limits of applicable legislation. Disclaimers Capgemini is an Equal Opportunity Employer encouraging inclusion in the workplace. Capgemini also participates in the Partnership Accreditation in Indigenous Relations (PAIR) program which supports meaningful engagement with Indigenous communities across Canada by promoting fairness, accessibility, inclusion and respect. We value the rich cultural heritage and contributions of Indigenous Peoples and actively work to create a welcoming and respectful environment. All qualified applicants will receive consideration for employment without regard to race, national origin, gender identity/expression, age, religion, disability, sexual orientation, genetics, veteran status, marital status or any other characteristic protected by law. This is a general description of the Duties, Responsibilities and Qualifications required for this position. Physical, mental, sensory or environmental demands may be referenced in an attempt to communicate the manner in which this position traditionally is performed. Whenever necessary to provide individuals with disabilities an equal employment opportunity, Capgemini will consider reasonable accommodations that might involve varying job requirements and/or changing the way this job is performed, provided that such accommodation does not pose an undue hardship. Capgemini is committed to providing reasonable accommodation during our recruitment process. If you need assistance or accommodation, please reach out to your recruiting contact. Please be aware that Capgemini may capture your image (video or screenshot) during the interview process and that image may be used for verification, including during the hiring and onboarding process. Click the following link for more information on your rights as an Applicant in the United States. http://www.capgemini.com/resources/equal-employment-opportunity-is-the-law Capgemini is a global business and technology transformation partner, helping organizations to accelerate their dual transition to a digital and sustainable world, while creating tangible impact for enterprises and society. It is a responsible and diverse group of 340,000 team members in more than 50 countries. With its strong over 55-year heritage, Capgemini is trusted by its clients to unlock the value of technology to address the entire breadth of their business needs. It delivers end-to-end services and solutions leveraging strengths from strategy and design to engineering, all fueled by its market leading capabilities in AI, generative AI, cloud and data, combined with its deep industry expertise and partner ecosystem. Ref. code: 542031 Posted on: Sep 25, 2026 Experience Level: Experienced Professionals Contract Type: Permanent Location: New York, NY, US Brand: Capgemini Professional Community: Data & AI Nearest Major Market: Manhattan Nearest Secondary Market: New York City Apply now » Apply now Apply Now Start applying with LinkedIn Start Please wait... Find similar jobs: All rights reserved by Capgemini. Copyright © 2025 × Cookie Consent Manager When you visit any website, it may store or retrieve information on your browser, mostly in the form of cookies. Because we respect your right to privacy, you can choose not to allow some types of cookies. However, blocking some types of cookies may impact your experience of the site and the services we are able to offer. Required Cookies These cookies are required to use this website and can't be turned off. Required Cookies Show More Details Required Cookies Provider Description Enabled SAP as service provider We use the following session cookies, which are all required to enable the website to function: ""route"" is used for session stickiness ""careerSiteCompanyId"" is used to send the request to the correct data center ""JSESSIONID"" is placed on the visitor's device during the session so the server can identify the visitor ""Load balancer cookie"" (actual cookie name may vary) prevents a visitor from bouncing from one instance to another Cookies from provider SAPasserviceprovider are required and cannot be turned off Advertising Cookies These cookies serve ads that are relevant to your interests. You may freely choose to accept or decline these cookies at any time. Note that certain functionality that these third parties make available may be impacted if you do not accept these cookies. Consent to all Advertising Cookies Show More Details Advertising Cookies Provider Description Enabled LinkedIn LinkedIn is an employment-oriented social networking service. We use the Apply with LinkedIn feature to allow you to apply for jobs using your LinkedIn profile. Opting out of LinkedIn cookies will disable your ability to use Apply with LinkedIn. Cookie Policy Cookie Table Privacy Policy Terms and Conditions Consent to cookies from provider LinkedIn Confirm My Choices Reject All Cookies Accept all cookies",capgemini_web,2026-09-25T21:15:35.722436+00:00,True,,not specified,,"etl, data warehouse, data quality, data governance, python","snowflake, spark, scala",59,"Data Engineering (stretch); matched: etl, data warehouse, data quality, data governance, python; potential gaps: snowflake, spark, scala",passed,
Sybase Data Engineer,Data Engineering (stretch),Capgemini,Search by Location,,,,https://careers.capgemini.com/job/Bridgewater%2C-NJ-Sybase-Data-Engineer-NJ/1431193133,"We use cookies to offer you the best possible website experience. Your cookie preferences will be stored in your browser’s local storage. This includes cookies necessary for the website's operation. Additionally, you can freely decide and change any time whether you accept cookies or choose to opt out of cookies to improve website's performance, as well as cookies used to display content tailored to your interests. Your experience of the site and the services we are able to offer may be impacted if you do not accept all cookies. Modify Cookie Preferences Reject All Cookies Accept All Cookies Skip to main content View Profile Employee Login View Profile Employee Login View Profile Employee Login Search by Keyword Search by Location Show More Options Loading... Country All Location All Grade All Professional Group All Clear Select how often (in days) to receive an alert: Create Alert × Select how often (in days) to receive an alert: Apply now » Apply now Apply Now Start applying with LinkedIn Start Please wait... Sybase Data Engineer Choosing Capgemini means choosing a company where you will be empowered to shape your career in the way you’d like, where you’ll be supported and inspired by a collaborative community of colleagues around the world, and where you’ll be able to reimagine what’s possible. Join us and help the world’s leading organizations unlock the value of technology and build a more sustainable, more inclusive world. Job Location - Smithfield RI (Day One Onsite - Hybrid) Job Descriptions Strong ETL experience with Informatica; working knowledge of Sybase and SQL/database migration concepts; ability to analyze data pipelines, source-to-target mappings, data dependencies, and integration requirements for migration planning. Experience with data analysis, ETL, and ingestion of data along with the opportunity to analyze and draw key insights from collected data. Experience in analyzing legacy systems and designs Proficiency in database technologies like Postgres and SQL Server. Perform comprehensive data analysis to support business requirements. Develop and maintain data pipelines using Java. Implement and maintain CI/CD pipelines to ensure smooth and efficient data ingestions and delivery. Experience working in a CI/CD environment with tools like Git SCM, Jenkins, and Docker. Familiarity with Agile practices and experience delivering data solutions in an Agile environment. Dimensional Modeling with experience in crafting conformed Results oriented with proven ability to work independently Good interpersonal, negotiating, and influencing skills Life At Capgemini Capgemini supports all aspects of your well-being throughout the changing stages of your life and career. For eligible employees, we offer: Flexible work Healthcare including dental, vision, mental health, and well-being programs Financial well-being programs such as 401(k) and Employee Share Ownership Plan Paid time off and paid holidays Paid parental leave Family building benefits like adoption assistance, surrogacy, and cryopreservation Social well-being benefits like subsidized back-up child/elder care and tutoring Mentoring, coaching and learning programs Employee Resource Groups Disaster Relief Disclaimer Capgemini is an Equal Opportunity Employer encouraging diversity in the workplace. All qualified applicants will receive consideration for employment without regard to race, national origin, gender identity/expression, age, religion, disability, sexual orientation, genetics, veteran status, marital status or any other characteristic protected by law. This is a general description of the Duties, Responsibilities and Qualifications required for this position. Physical, mental, sensory or environmental demands may be referenced in an attempt to communicate the manner in which this position traditionally is performed. Whenever necessary to provide individuals with disabilities an equal employment opportunity, Capgemini will consider reasonable accommodations that might involve varying job requirements and/or changing the way this job is performed, provided that such accommodations do not pose an undue hardship. Capgemini is committed to providing reasonable accommodations during our recruitment process. If you need assistance or accommodation, please reach out to your recruiting contact. Click the following link for more information on your rights as an Applicant http://www.capgemini.com/resources/equal-employment-opportunity-is-the-law Salary Transparency The primary focus is to help organizations design, develop, and optimize their data infrastructure and systems. They help organizations enhance data processes, and leverage data effe Capgemini discloses salary range information in compliance with state and local pay transparency obligations. The disclosed range represents the lowest to highest salary we, in good faith, believe we would pay for this role at the time of this posting, although we may ultimately pay more or less than the disclosed range, and the range may be modified in the future. The disclosed range takes into account the wide range of factors that are considered in making compensation decisions including, but not limited to, geographic location, relevant education, qualifications, certifications, experience, skills, seniority, performance, sales or revenue-based metrics, and business or organizational needs. At Capgemini, it is not typical for an individual to be hired at or near the top of the range for their role. The base salary range for the tagged location is $103330 to $128656 /yearly. This role may be eligible for other compensation including variable compensation, bonus, or commission. Full time regular employees are eligible for paid time off, medical/dental/vision insurance, 401(k), and any other benefits to eligible employees. Note: No amount of pay is considered to be wages or compensation until such amount is earned, vested, and determinable. The amount and availability of any bonus, commission, or any other form of compensation that are allocable to a particular employee remains in the Company's sole discretion unless and until paid and may be modified at the Company’s sole discretion, consistent with the law. ctively to drive business outcomes. The primary focus is to help organizations design, develop, and optimize their data infrastructure and systems. They help organizations enhance data processes, and leverage data effe Capgemini discloses salary range information in compliance with state and local pay transparency obligations. The disclosed range represents the lowest to highest salary we, in good faith, believe we would pay for this role at the time of this posting, although we may ultimately pay more or less than the disclosed range, and the range may be modified in the future. The disclosed range takes into account the wide range of factors that are considered in making compensation decisions including, but not limited to, geographic location, relevant education, qualifications, certifications, experience, skills, seniority, performance, sales or revenue-based metrics, and business or organizational needs. At Capgemini, it is not typical for an individual to be hired at or near the top of the range for their role. The base salary range for the tagged location is $103330 to $128656 /yearly. This role may be eligible for other compensation including variable compensation, bonus, or commission. Full time regular employees are eligible for paid time off, medical/dental/vision insurance, 401(k), and any other benefits to eligible employees. Note: No amount of pay is considered to be wages or compensation until such amount is earned, vested, and determinable. The amount and availability of any bonus, commission, or any other form of compensation that are allocable to a particular employee remains in the Company's sole discretion unless and until paid and may be modified at the Company’s sole discretion, consistent with the law. ctively to drive business outcomes. The base compensation range for this role in the posted location is $103330 to $128656 Capgemini provides compensation range information in accordance with applicable national, state, provincial, and local pay transparency laws. The base compensation range listed for this position reflects the minimum and maximum target compensation Capgemini, in good faith, believes it may pay for the role at the time of this posting. This range may be subject to change as permitted by law. The actual compensation offered to any candidate may fall outside of the posted range and will be determined based on multiple factors legally permitted in the applicable jurisdiction. These may include, but are not limited to: Geographic location, Education and qualifications, Certifications and licenses, Relevant experience and skills, Seniority and performance, Market and business consideration, Internal pay equity. It is not typical for candidates to be hired at or near the top of the posted compensation range. In addition to base salary, this role may be eligible for additional compensation such as variable incentives, bonuses, or commissions, depending on the position and applicable laws. Capgemini offers a comprehensive, non-negotiable benefits package to all regular, full-time employees. In the U.S. and Canada, available benefits are determined by local policy and eligibility and may include: Paid time off based on employee grade (A-F), defined by policy: Vacation: 12-25 days, depending on grade, Company paid holidays, Personal Days, Sick Leave Medical, dental, and vision coverage (or provincial healthcare coordination in Canada) Retirement savings plans (e.g., 401(k) in the U.S., RRSP in Canada) Life and disability insurance Employee assistance programs Other benefits as provided by local policy and eligibility Important Notice: Compensation (including bonuses, commissions, or other forms of incentive pay) is not considered earned, vested, or payable until it becomes due under the terms of applicable plans or agreements and is subject to Capgemini’s discretion, consistent with applicable laws. The Company reserves the right to amend or withdraw compensation programs at any time, within the limits of applicable legislation. Disclaimers Capgemini is an Equal Opportunity Employer encouraging inclusion in the workplace. Capgemini also participates in the Partnership Accreditation in Indigenous Relations (PAIR) program which supports meaningful engagement with Indigenous communities across Canada by promoting fairness, accessibility, inclusion and respect. We value the rich cultural heritage and contributions of Indigenous Peoples and actively work to create a welcoming and respectful environment. All qualified applicants will receive consideration for employment without regard to race, national origin, gender identity/expression, age, religion, disability, sexual orientation, genetics, veteran status, marital status or any other characteristic protected by law. This is a general description of the Duties, Responsibilities and Qualifications required for this position. Physical, mental, sensory or environmental demands may be referenced in an attempt to communicate the manner in which this position traditionally is performed. Whenever necessary to provide individuals with disabilities an equal employment opportunity, Capgemini will consider reasonable accommodations that might involve varying job requirements and/or changing the way this job is performed, provided that such accommodation does not pose an undue hardship. Capgemini is committed to providing reasonable accommodation during our recruitment process. If you need assistance or accommodation, please reach out to your recruiting contact. Please be aware that Capgemini may capture your image (video or screenshot) during the interview process and that image may be used for verification, including during the hiring and onboarding process. Click the following link for more information on your rights as an Applicant in the United States. http://www.capgemini.com/resources/equal-employment-opportunity-is-the-law Capgemini is a global business and technology transformation partner, helping organizations to accelerate their dual transition to a digital and sustainable world, while creating tangible impact for enterprises and society. It is a responsible and diverse group of 340,000 team members in more than 50 countries. With its strong over 55-year heritage, Capgemini is trusted by its clients to unlock the value of technology to address the entire breadth of their business needs. It delivers end-to-end services and solutions leveraging strengths from strategy and design to engineering, all fueled by its market leading capabilities in AI, generative AI, cloud and data, combined with its deep industry expertise and partner ecosystem. Ref. code: 543948 Posted on: Sep 25, 2026 Experience Level: Experienced Professionals Contract Type: Permanent Location: Bridgewater, NJ, US Brand: Capgemini Professional Community: Data & AI Apply now » Apply now Apply Now Start applying with LinkedIn Start Please wait... Find similar jobs: All rights reserved by Capgemini. Copyright © 2025 × Cookie Consent Manager When you visit any website, it may store or retrieve information on your browser, mostly in the form of cookies. Because we respect your right to privacy, you can choose not to allow some types of cookies. However, blocking some types of cookies may impact your experience of the site and the services we are able to offer. Required Cookies These cookies are required to use this website and can't be turned off. Required Cookies Show More Details Required Cookies Provider Description Enabled SAP as service provider We use the following session cookies, which are all required to enable the website to function: ""route"" is used for session stickiness ""careerSiteCompanyId"" is used to send the request to the correct data center ""JSESSIONID"" is placed on the visitor's device during the session so the server can identify the visitor ""Load balancer cookie"" (actual cookie name may vary) prevents a visitor from bouncing from one instance to another Cookies from provider SAPasserviceprovider are required and cannot be turned off Advertising Cookies These cookies serve ads that are relevant to your interests. You may freely choose to accept or decline these cookies at any time. Note that certain functionality that these third parties make available may be impacted if you do not accept these cookies. Consent to all Advertising Cookies Show More Details Advertising Cookies Provider Description Enabled LinkedIn LinkedIn is an employment-oriented social networking service. We use the Apply with LinkedIn feature to allow you to apply for jobs using your LinkedIn profile. Opting out of LinkedIn cookies will disable your ability to use Apply with LinkedIn. Cookie Policy Cookie Table Privacy Policy Terms and Conditions Consent to cookies from provider LinkedIn Confirm My Choices Reject All Cookies Accept all cookies",capgemini_web,2026-09-25T21:15:35.722436+00:00,True,,not specified,,"sql, etl",informatica,57,"Data Engineering (stretch); matched: sql, etl; potential gaps: informatica",passed,
"Microsoft BI, Azure and PowerBI Consultant",Data / Analytics Consulting,Keyrus,"1853, Grimbergen, BE",,,FULL_TIME,https://jobs.keyrus.be/jobs/907211-microsoft-bi-azure-and-powerbi-consultant,"<p style=""text-align:center;""><strong>Why Keyrus, Why Now!</strong></p><p><span><strong>Keyrus</strong> is an international group of <strong>2,800 consultants</strong> and experts across <strong>28 countries</strong>, built on a single conviction: <strong>AI does not transform businesses. Architected intelligence does.</strong> For more than 30 years, we have been building the data foundations that make intelligent systems work — designing the Operating System of the intelligent enterprise, where intelligence is embedded into the core of business processes to create sustainable value: <strong>we operationalise intelligence.</strong></span></p><p><span>AI does not replace humans. It repositions us to a place no system can follow: understanding, deciding, designing, and creating. At Keyrus, you will not just develop skills - you will develop judgment. Your expertise sharpens with every system you architect, every client challenge you solve, every deployment that compounds on the last.</span></p><p><span>Over time, you grow into one of the rarest professionals of the intelligence era: someone who bridges data, AI, and human decision-making at scale, across industries and geographies. This is not a role you fill. It is a discipline you master and a story you help write to become<strong> a Keyrus Architect of Intelligence.</strong></span></p><p><span>Technology amplifies. </span><a target=""_blank"" href=""https://jobs.keyrus.be/pages/our-values""><span><strong>Keyrus culture differentiates</strong></span></a><span><strong>.</strong> Industrial discipline connects the two.</span></p><p></p><p style=""text-align:center;""><span><strong>What You'll Architect</strong></span></p><p>This role focuses on translating data into decision-ready intelligence. You design the semantic and visual layers that make data usable, trusted, and actionable across organisations.</p><ul><li><p>Design and deliver scalable BI solutions using Microsoft technologies (Power BI, Azure, Fabric)</p></li><li><p>Build semantic data models that support dynamic, reliable, and scalable reporting</p></li><li><p>Develop dashboards and reports aligned with business needs and decision processes</p></li><li><p>Collaborate with data engineering teams to ensure strong integration between data pipelines and reporting layers</p></li><li><p>Contribute to end-to-end data platform design, including data warehousing and integration</p></li><li><p>Support migrations and modernisation of BI environments to cloud-based architectures</p></li><li><p>Ensure data quality, consistency, and governance within reporting solutions</p></li><li><p>Work with business stakeholders to translate requirements into scalable BI solutions</p></li><li><p>Contribute to architectural decisions and promote best practices in BI and analytics</p></li><li><p>Participate in cross-industry projects, connecting data, reporting, and performance management</p></li></ul><p style=""text-align:center;""></p><p style=""text-align:center;""><strong>Who You Are</strong></p><ul><li><p>You understand that reporting is not the end goal, enabling better decisions is</p></li><li><p>You think in terms of models, structure, and usability rather than just dashboards</p></li><li><p>You combine technical expertise with an understanding of business needs</p></li><li><p>You are comfortable working across the full BI lifecycle, from data modelling to visualisation</p></li><li><p>You bring clarity and structure to complex data environments</p></li><li><p>You are curious, continuously learning, and open to evolving technologies in the Microsoft ecosystem</p></li><li><p>You collaborate effectively with engineers, analysts, and business stakeholders</p></li><li><p>You contribute to raising standards in data visualisation and information design</p></li></ul><p></p><p style=""text-align:center;""><strong>What You Bring</strong></p><p style=""text-align:left;""><strong><br>Qualifications / Experience</strong></p><ul><li><p>5+ years of experience in Business Intelligence or Data Analytics consulting</p></li><li><p>Hands-on experience with Microsoft BI technologies (Power BI, Azure, Fabric, etc.)</p></li><li><p>Professional working proficiency in Dutch and English</p></li></ul><p><strong>Technical Skills</strong></p><ul><li><p>Strong experience with Power BI (data modelling, DAX, dashboards)</p></li><li><p>Good understanding of data warehousing concepts and lifecycle</p></li><li><p>Experience with Azure-based data platforms</p></li><li><p>Ability to design scalable semantic layers and reporting architectures</p></li><li><p>Familiarity with data integration and ETL processes</p></li><li><p>Understanding of data governance, quality, and consistency principles</p></li></ul><p><strong>Nice-to-haves</strong></p><ul><li><p>Basic understanding of AI/advanced analytics is a plus</p></li></ul><p style=""text-align:center;""></p><p style=""text-align:center;""><strong>Rewards - What We Offer at Keyrus</strong></p><p></p><p><strong>Growth</strong></p><p>At Keyrus we have created an environment where people are supported, challenged and connected to the people around them.</p><p>Working on impactful Data &amp; Digital projects you will develop a broad and versatile skill set and stay ahead in a fast-evolving, AI-driven landscape.</p><p>Our digital learning platform, with over 30,000 courses including in-house trainings developed by our experts, is a perfect way to stay on top of your game</p><p></p><p>A generous training budget is available to help foster a culture where learning, feedback and continuous improvement is the norm<br>You will have a dedicated coach, benefit from regular check-ins, learn via different communities and have clear alignment with your team and company goals<br>We want you to grow with confidence. We therefore place a strong emphasis on ownership, open feedback and continuous development.</p><p>When people feel trusted, connected and inspired, they do their best work!</p><p></p><p style=""text-align:left;""><strong>Rewards</strong></p><p>Mobility budget? Car with fuel or charging car? We offer both so you can choose!</p><p>On top of that we also have daily and monthly net allowances, eco vouchers, hospitalisation (DKV) insurance and group insurance, as well as a generous bonus scheme that you can use on our flexible reward plan.</p><p></p><p style=""text-align:center;""><span><strong>What We Stand For</strong></span></p><p><span><strong>Collective Intelligence</strong> — Collaboration across expertise, functions, and geographies makes it possible to combine know-how and deliver more comprehensive responses to client challenges.</span></p><p><span><strong>Reliability</strong> — The ability to deliver complex projects with rigour is one of the pillars of our client relationship.</span></p><p><span><strong>Pragmatism</strong> — Prioritising concrete impact and measurable value over abstract technological discourse.</span></p><p><span><strong>Entrepreneurial Spirit</strong> — Curiosity, energy, and freedom are the foundations of our culture; they enable initiative and sustained innovation.</span><strong><br></strong></p><p></p><p style=""text-align:center;""><strong>About Keyrus</strong></p><p></p><p><span>At Keyrus, we help organizations move from experimental AI to industrialized AI, from isolated agents to orchestrated systems, and from insight to execution. This is the discipline we call being an <strong>Architect of Intelligence</strong>. Designing the Operating System of the intelligent enterprise, where intelligence is embedded into the core of business processes to create sustainable value: <strong>we operationalize intelligence</strong>.</span></p><p><span>Powered by our proprietary <strong>Human Orchestrated Model™</strong> (HOM), we architect reliable:</span></p><p><span>· <strong>Intelligence Foundations</strong>,</span></p><p><span>· <strong>Human in Command</strong> governance,</span></p><p><span>· and <strong>Performance Steering</strong>,</span></p><p><span>To create intelligent environments where technology amplifies human capabilities and performance compounds over time.</span></p><p><span>With 30+ years of expertise and 2,800 employees across 28 countries, we help organizations go beyond transformation: to build adaptive, resilient, and continuously improving intelligent organizations.</span></p><p><span><strong>AI does not transform businesses. Architected intelligence does.</strong></span></p><p>#LI-JA1</p>",keyrus_web,2026-09-25T21:15:35.722436+00:00,True,5,Master's degree mentioned,"Dutch, English","power bi, etl, data quality, data governance, reporting, data modelling",scala,56,"Data / Analytics Consulting; matched: power bi, etl, data quality, data governance, reporting, data modelling; potential gaps: scala; requires 5+ years; Master's degree mentioned",passed,
Data Governance Consultant,Data Governance / Quality,Datashift,Mechelen/Leuven/Gent,,,,https://careers.datashift.eu/o/data-governance-consultant,"Datashift NV Homepage Datashift NV Homepage Data Governance Consultant Mechelen/Leuven/Gent Job details Apply Job description Datashift is a very fast growing consultancy team with a focus on delivering solutions that answer business questions with data and facts. For one of our fastest growing practices, we are looking for a skilled Data Governance Consultant . As a Data Governance Consultant, you will play a crucial role in leveraging your expertise to guide our clients in optimizing and maximizing the benefits of data solutions. Your responsibilities As a Data Governance consultant, you will: Lead the implementation of data catalog Solutions for clients, ensuring seamless deployment and alignment with their business objectives. Work closely with clients to understand their data management needs and provide expert advice on utilizing a data catalog to enhance data governance, compliance, and overall information management. Customize and configure data catalog solutions to create business impact for our clients. Provide training sessions on the effective use of data catalog tools. Offer ongoing support and troubleshooting to address any issues that may arise during and after implementation. Stay informed about the latest updates, features, and best practices related to data catalog. Collaborate with internal and external stakeholders. Job requirements Your qualifications 3 to 5 years of experience in data consulting or service-oriented environments A first experience with unified data governance tooling (e.g. Collibra) is highly required Strong understanding of data governance concepts Outstanding problem solving skills Excellent communication (written and oral) and interpersonal skills Proven success in contributing to a team-oriented environment Fluent in Dutch and/or French and English. Our offer A highly entrepreneurial team A no-nonsense working environment with a focus on high quality; Excellent terms of employment (including company car, fuel card, meal vouchers & bonus) Fringe benefits including continuous training that builds and extends professional, technical and management skills in all areas The opportunity to grow together with Datashift in terms of capabilities as well as financial benefits Interested? Don’t hesitate to apply via the link below! Apply or Share job Mechelen/Leuven/Gent , Belgium My information Fill out the information below Full name * Email address * Phone number * Belgium Belgium International Afghanistan Afghanistan CV or resume * Upload your CV or resume file Upload a file or drag and drop here Upload a file or drag and drop here Accepted files: PDF, DOC, DOCX, JPEG and PNG up to 50MB. Cover letter Upload your cover letter Upload a file or drag and drop here Upload a file or drag and drop here Accepted files: PDF, DOC, DOCX, JPEG and PNG up to 50MB. Write it here instead Questions Please fill in additional questions How proficient are you in Dutch? * Native/bilingual Full professional level Professional level Limited level Basic level Not How proficient are you in French? * Native/Bilingual Full professional level Professional level Limited level Basic level Not How proficient are you in English? * Native/bilangual Full professional level Professional level Limited level Basic level Not Do you have a driving licence? * Yes No Do you need to be sponsored for a work visa now or in the future? * Yes No Are you resident in Belgium? * Yes No Legal Agreements I have read and agree to the Recruitment Pricacy Statement ﻿ ﻿ ﻿ All fields marked with * are required. Send All done! Your application has been successfully submitted! Other jobs You've already applied for this job Thank you for your interest - we've already received your application, so this new submission can't be accepted. Your previous application is on file. If you need assistance or believe this is an error, please email us at apply@datashift.recruitee-mail.com",datashift_web,2026-09-25T21:15:35.722436+00:00,True,5,not specified,"Dutch, French, English",data governance,collibra,55,Data Governance / Quality; matched: data governance; potential gaps: collibra; requires 5+ years,passed,
Senior Functional Data Analyst,Data Analyst,Datashift,Mechelen,,,,https://careers.datashift.eu/o/data-product-analyst-2,"Datashift NV Homepage Datashift NV Homepage Senior Functional Data Analyst Mechelen Are you passionate about driving value from data and turning it into actionable insights? Job details Apply Job description Are you passionate about driving value from data and turning it into actionable insights? Join our dynamic data consulting team as a Senior Functional Data Analyst , where you will manage data needs for our clients across various industries. This role acts as a liaison between business users and technical teams, ensuring mutual understanding. The snr functional data analyst plays a critical role in ensuring that the right data projects are deployed and that data products are reliable, discoverable, and business-driven. The ideal candidate is value-oriented, has strong analytical capabilities, and thrives in cross-functional environments. As you grow in this role, you will have the opportunity to evolve into a Data Product Owner, taking ownership of data product vision, strategy, and management stakeholder alignment. Key Responsibilities Understand business needs and challenges, and identify how data can drive impactful solutions. Translate business problems into data-driven questions to gather and analyse data product requirements Identify the optimal data product solution that balances benefit and cost, ensuring it meets business needs effectively Collaborate closely with data experts (e.g., engineers, scientists, and insights analysts) to ensure data products are implemented, meet usability and scalability criteria, and deliver tangible business value Ensure the required source data is captured and meets quality standards by effectively managing data contracts with application owners and process experts Manage the backlog for a specific data domain, prioritizing tasks based on value and alignment with business goals Promote data democratization by enhancing data accessibility and usability through comprehensive documentation, internal marketing and training of the data product catalog Oversee the lifecycle and lineage of data products, ensuring they remain accurate, relevant, and aligned with business objectives Job requirements Skills & Qualifications At least 6 years of relevant experience in a similar role (e.g. data analyst, data product owner, …); Experienced in data analysis & interpretation (e.g. SQL/Python, familiar with BI tooling, …); Strong problem-solving skills and value-driven mindset to optimize cost-benefit balance of proposed data solutions; Effective stakeholder management: communicate seamlessly with both technical and non-technical audiences; Quick learner and pragmatic solution thinker: quickly grasp the business context, processes, and challenges, and effectively translate them into the right data product requirements; First experience in data management: data catalog mgt, data modelling, data quality assessments, source to target analysis, data contracts, etc.; Ability to understand the end-to-end (data) flow from source data to target data product, with the capacity to zoom in on granular details and zoom out to see the bigger picture; Experience working Agile methodologies (e.g., scrum, kanban), Agile tooling (e.g. JIRA, Azure DevOps) and documentation tooling (e.g. Confluence); Experience with data cataloging tooling (e.g. Collibra, Datahub) is a plus; Fluent in English, and preferably also Dutch. What We Offer Exciting growth path: a clear opportunity to evolve into a data product owner Diverse client portfolio: work on end-to-end data product initiatives across industries, gaining exposure to cutting-edge projects Consulting edge: be part of a fast-growing consulting company that values innovation and problem-solving over rigid structures. Unlike internal roles, you will gain exposure to multiple organizations and industry best practices. Learning & development: continuous support for professional development, including training on data product management and emerging technologies. A collaborative environment with top-tier professionals to inspire and challenge you. Interested? Don't hesitate to apply via the link below! Apply or Share job Mechelen , Belgium My information Fill out the information below Full name * Email address * Phone number * Belgium Belgium International Afghanistan Afghanistan CV or resume * Upload your CV or resume file Upload a file or drag and drop here Upload a file or drag and drop here Accepted files: PDF, DOC, DOCX, JPEG and PNG up to 50MB. Cover letter Upload your cover letter Upload a file or drag and drop here Upload a file or drag and drop here Accepted files: PDF, DOC, DOCX, JPEG and PNG up to 50MB. Write it here instead Questions Please fill in additional questions How proficient are you in Dutch? * Native/bilingual Full professional level Professional level Limited level Basic level Not How proficient are you in French? * Native/Bilingual Full professional level Professional level Limited level Basic level Not How proficient are you in English? * Native/bilangual Full professional level Professional level Limited level Basic level Not Do you have a driving licence? * Yes No Do you need to be sponsored for a work visa now or in the future? * Yes No Are you resident in Belgium? * Yes No Legal Agreements I have read and agree to the Recruitment Pricacy Statement ﻿ ﻿ ﻿ All fields marked with * are required. Send All done! Your application has been successfully submitted! Other jobs You've already applied for this job Thank you for your interest - we've already received your application, so this new submission can't be accepted. Your previous application is on file. If you need assistance or believe this is an error, please email us at apply@datashift.recruitee-mail.com",datashift_web,2026-09-25T21:15:35.722436+00:00,True,6,not specified,"Dutch, French, English","sql, data quality, python, data modelling","collibra, scala",54,"Data Analyst; matched: sql, data quality, python, data modelling; potential gaps: collibra, scala; requires 6+ years; senior title",passed,
Data Engineer,Data Engineering (stretch),Datashift,Rotterdam,,,,https://careers.datashift.eu/o/data-engineer,"Datashift NV Homepage Datashift NV Homepage Data Engineer Rotterdam / Job details Apply Job description Data sits at the heart of every digital product, analytics workflow, and AI initiative. As companies push more of these capabilities into production, the integrations that move and expose that data need to be solid. Datashift is looking for a Data Engineer to build and own those integrations. Do you have strong Python skills, a genuine DevOps mindset, and a track record of shipping things that hold up in production? Do you feel at home across software engineering, data engineering, and operations? You’re a practical engineer who takes pride in what ends up running in production. You care about reliability, security, and building APIs that other teams can count on. Responsibilities Own the full lifecycle of Data Integration. Build them in Python with Databricks, Azure Function Apps, and other Azure services, translating requirements into clean, maintainable code; Keep APIs production ready. Performance, security, access control, observability, and cost all fall in your scope; Move legacy data APIs onto the platform’s current architectural standards and add structured logging and alerting so issues surface before users notice them; Own the CI/CD setup in Azure DevOps. Build pipelines that carry code through testing and deployment without manual steps; Work with the Data Engineering & Platform team and engineers across teams and countries to shape, ship, and document integrations end to end; Support the team with data engineering tasks where needed. Job requirements Qualifications At least 3 years of Python experience and a track record of shipping APIs and backend services. Clean, testable code is your default. You have real dbt experience and use it to build well-structured, maintainable data models. SQL is a given. You know your way around API design, CI/CD pipelines, and testing. Keeping production systems observable and stable is something you have done before. Azure is familiar ground. You have worked with Function Apps, Key Vault, VNets, private endpoints, NSGs, and secure API exposure in production. Comfortable in an Agile setup, working daily with data engineers, platform engineers, and business stakeholders. An interest in what is coming on the Databricks platform, particularly Lakebase and Databricks Apps. Why join Datashift in the Netherlands? Opportunity for strategic impact – Join a fast-growing data consultancy team, expand your skills, and work with top-tier organizations as clients—all while benefiting from the expertise and support of our established practice in Belgium. Competitive package – Receive a comprehensive compensation & benefits plan tailored to match your experience and potential. Award-winning workplace – We are based in CIC Rotterdam (one of Europe’s Leading Start-up Hubs according to the Financial Times), home to 150+ young companies and literally next to the iconic Centraal Station. A great commute guaranteed. Interested? Don’t hesitate to apply via the link below! Apply or Share job Rotterdam , Netherlands My information Fill out the information below Full name * Email address * Phone number * Netherlands Netherlands International Afghanistan Afghanistan CV or resume * Upload your CV or resume file Upload a file or drag and drop here Upload a file or drag and drop here Accepted files: PDF, DOC, DOCX, JPEG and PNG up to 50MB. Cover letter Upload your cover letter Upload a file or drag and drop here Upload a file or drag and drop here Accepted files: PDF, DOC, DOCX, JPEG and PNG up to 50MB. Write it here instead Questions Please fill in additional questions How proficient are you in Dutch? * Native/bilingual Full professional level Professional level Limited level Basic level Not How proficient are you in French? * Native/Bilingual Full professional level Professional level Limited level Basic level Not How proficient are you in English? * Native/bilangual Full professional level Professional level Limited level Basic level Not Do you have a driving licence? * Yes No Do you need to be sponsored for a work visa now or in the future? * Yes No Are you resident in Nederland? * Yes No Legal Agreements I have read and agree to the Recruitment Pricacy Statement ﻿ ﻿ ﻿ All fields marked with * are required. Send All done! Your application has been successfully submitted! Other jobs You've already applied for this job Thank you for your interest - we've already received your application, so this new submission can't be accepted. Your previous application is on file. If you need assistance or believe this is an error, please email us at apply@datashift.recruitee-mail.com",datashift_web,2026-09-25T21:15:35.722436+00:00,True,,not specified,"Dutch, French, English","sql, python","databricks, dbt",53,"Data Engineering (stretch); matched: sql, python; potential gaps: databricks, dbt",passed,
Junior Data Engineer - start in September 2027,Data Engineering (stretch),Datashift,Mechelen,,,,https://careers.datashift.eu/o/junior-data-engineer-start-in-september-2027,"Datashift NV Homepage Datashift NV Homepage Junior Data Engineer - start in September 2027 Mechelen Job details Apply Job description Will you graduate next year and are you interested in starting your career in a Data Engeering role? Then we are delighted to receive your personal application and we’ll contact you for an interview and a (virtual) cup of coffee. Your responsibilities Develop your skills to build maintainable data solutions (ETL/Models/Interfaces/pipelines,...) Design data solutions, making the trade-off between cost and maintainability Work together with Data Scientists, BI specialists and Business Consultants to deliver value to our customers; Stay up-to-date with the latest developments in data technology and actively participate in sharing your knowledge with your colleagues; Monitor the quality and stability of data solutions; Job requirements Your qualifications: Knowledge of python and SQL Notion of cloud platforms like AWS, Google Cloud or Azure; You agree on the fact that 'containers' aren’t only used in the harbor ;-) Fluent in Dutch and/or French and English. Master Degree in Engineering (e.g. civil engineer or commercial engineer, ...) Your growth path Although at Datashift there is a general growth plan, you will form the basis of the path you walk yourself. Surrounded by an entrepreneurial team, many opportunities will present themselves. Become a Data Engineering expert and master leading Data Engineering solutions for our clients. Collaborate on existing or new competence centers at Datashift; Our Offer A highly entrepreneurial team; A no-nonsense working environment with a focus on high quality; Excellent terms of employment (including company car, fuel card, meal vouchers & bonus); Fringe benefits including continuous training that builds and extends professional, technical and management skills in all areas; The opportunity to grow together with Datashift in terms of capabilities as well as financial benefits. Contact: Do you want to join our team? Don't hesitate to apply here. Apply or Share job Mechelen , Belgium My information Fill out the information below Full name * Email address * Phone number * Belgium Belgium International Afghanistan Afghanistan CV or resume * Upload your CV or resume file Upload a file or drag and drop here Upload a file or drag and drop here Accepted files: PDF, DOC, DOCX, JPEG and PNG up to 50MB. Cover letter Upload your cover letter Upload a file or drag and drop here Upload a file or drag and drop here Accepted files: PDF, DOC, DOCX, JPEG and PNG up to 50MB. Write it here instead Questions Please fill in additional questions How proficient are you in Dutch? * Native/bilingual Full professional level Professional level Limited level Basic level Not How proficient are you in French? * Native/Bilingual Full professional level Professional level Limited level Basic level Not How proficient are you in English? * Native/bilangual Full professional level Professional level Limited level Basic level Not Do you have a driving licence? * Yes No Do you need to be sponsored for a work visa now or in the future? * Yes No Are you resident in Belgium? * Yes No Legal Agreements I have read and agree to the Recruitment Pricacy Statement ﻿ ﻿ ﻿ All fields marked with * are required. Send All done! Your application has been successfully submitted! Other jobs You've already applied for this job Thank you for your interest - we've already received your application, so this new submission can't be accepted. Your previous application is on file. If you need assistance or believe this is an error, please email us at apply@datashift.recruitee-mail.com",datashift_web,2026-09-25T21:15:35.722436+00:00,True,,Master's in technical field,"Dutch, French, English","sql, etl, python",,53,"Data Engineering (stretch); matched: sql, etl, python; Master's in technical field",passed,
SAP Master Data Specialist – S/4HANA & Business Partners,Data Governance / Quality,Pauwels Consulting,"1070, Anderlecht, Brussels-Capital, Belgium",,,"employee, freelance",https://www.pauwelsconsulting.com/job/4a812904-e509-41c7-85cc-047f936d4562/sap-master-data-specialist-s4hana-business-partners,"Our client, a prominent organization in the transportation sector, is seeking a specialist to manage data quality and master data processes within their ERP landscape. The role focuses on ensuring data integrity and optimizing mass processing workflows for a large-scale project. Manage data quality within the SAP environment, focusing on consolidation and mass processing. Execute duplicate cleansing activities to maintain high data integrity standards. Configure and set up SAP Business Partners throughout the project lifecycle. Handle complex data processing tasks to support S/4HANA operations. Collaborate with the project team to ensure successful technical implementation of data solutions. You have 3+ years of hands-on experience working with SAP S/4HANA . You possess proven experience in the setup of SAP Business Partners within at least one full project lifecycle. You bring technical expertise in SAP data quality management, specifically in consolidation and mass processing. You're experienced in duplicate cleansing and maintaining data consistency across ERP systems. Start date: 26/10/2026 Duration: Until 30/09/2027 Work regime: Full-time Location: Brussels Contract: open to both permanent employees and freelancers",pauwels_consulting_web,2026-09-25T21:15:35.722436+00:00,True,,not specified,,data quality,,50,Data Governance / Quality; matched: data quality; SAP Master Data specialization; Brussels area,passed,
Data Governance Consultant,Data Governance / Quality,Keyrus,"1853, Grimbergen, BE",,,FULL_TIME,https://jobs.keyrus.be/jobs/2441795-data-governance-consultant,"<p style=""text-align:center;""><strong>Why Keyrus, Why Now!</strong></p><p><span><strong>Keyrus</strong> is an international group of <strong>2,800 consultants</strong> and experts across <strong>28 countries</strong>, built on a single conviction: <strong>AI does not transform businesses. Architected intelligence does.</strong> For more than 30 years, we have been building the data foundations that make intelligent systems work — designing the Operating System of the intelligent enterprise, where intelligence is embedded into the core of business processes to create sustainable value: <strong>we operationalise intelligence.</strong></span></p><p><span>AI does not replace humans. It repositions us to a place no system can follow: understanding, deciding, designing, and creating. At Keyrus, you will not just develop skills - you will develop judgment. Your expertise sharpens with every system you architect, every client challenge you solve, every deployment that compounds on the last.</span></p><p><span>Over time, you grow into one of the rarest professionals of the intelligence era: someone who bridges data, AI, and human decision-making at scale, across industries and geographies. This is not a role you fill. It is a discipline you master and a story you help write to become<strong> a Keyrus Architect of Intelligence.</strong></span></p><p><span>Technology amplifies. </span><a target=""_blank"" href=""https://jobs.keyrus.be/pages/our-values""><span><strong>Keyrus culture differentiates</strong></span></a><span><strong>.</strong> Industrial discipline connects the two.</span></p><p></p><p style=""text-align:center;""><span><strong>What You'll Architect</strong></span></p><p>This role focuses on designing the governance frameworks that make data reliable, usable, and actionable across organisations. You connect strategy, processes, and technology to ensure data can be trusted at scale.</p><ul><li><p>Lead and support data governance initiatives across domains such as metadata, data quality, and analytics governance</p></li><li><p>Conduct maturity assessments and define roadmaps for data governance transformation</p></li><li><p>Bridge business and IT by translating strategic objectives into governance frameworks and operating models</p></li><li><p>Design and implement governance structures, roles, and processes (ownership, stewardship, policies)</p></li><li><p>Contribute to data quality, metadata management, and master data management initiatives</p></li><li><p>Contribute to data privacy, security, and compliance initiatives</p></li><li><p>Participate in pre-sales activities: proposals, business cases, and solution positioning</p></li><li><p>Support the full lifecycle of governance initiatives, from strategy to implementation</p></li><li><p>Contribute to the evolution of governance practices in line with trends (cloud, unstructured data, regulations)</p></li></ul><p></p><p style=""text-align:center;""><strong>Who You Are</strong></p><ul><li><p>You understand that governance is not about control alone. It enables trust and decision-making</p></li><li><p>You think in systems: policies, processes, ownership, and data flows</p></li><li><p>You are able to connect business strategy with data capabilities and governance structures</p></li><li><p>You are curious about evolving data ecosystems (cloud, privacy, AI)</p></li><li><p>You contribute to building sustainable, organisation-wide data practices</p></li></ul><p></p><p style=""text-align:center;""><strong>What You Bring</strong></p><p><strong>Qualifications / Experience</strong></p><ul><li><p>Master’s degree in a relevant field (Business, IT, Data, or similar)</p></li><li><p>2–5+ years of experience in Data Governance, Data Management, or related domains</p></li><li><p>Experience working in cross-functional, data-driven environments</p></li><li><p>Professional working proficiency in Dutch or French and English</p></li></ul><p><strong>Technical &amp; Functional Skills</strong></p><ul><li><p>Knowledge of data governance frameworks (data quality, metadata, MDM, analytics governance)</p></li><li><p>Experience with governance tools (e.g. Collibra, Informatica, etc.)</p></li><li><p>Understanding of enterprise data environments and data lifecycle management</p></li><li><p>Understanding of data privacy and regulatory requirements</p></li><li><p>Exposure to cloud-based data environments</p></li></ul><p><strong>Nice-to-haves</strong></p><ul><li><p>Experience in pre-sales or advisory roles</p></li></ul><p></p><p style=""text-align:center;""><strong>Rewards - What We Offer at Keyrus</strong></p><p><strong>Growth</strong></p><p>At Keyrus we have created an environment where people are supported, challenged and connected to the people around them.</p><p>Working on impactful Data &amp; Digital projects you will develop a broad and versatile skill set and stay ahead in a fast-evolving, AI-driven landscape.</p><p>Our digital learning platform, with over 30,000 courses including in-house trainings developed by our experts, is a perfect way to stay on top of your game</p><p></p><p>A generous training budget is available to help foster a culture where learning, feedback and continuous improvement is the norm<br>You will have a dedicated coach, benefit from regular check-ins, learn via different communities and have clear alignment with your team and company goals<br>We want you to grow with confidence. We therefore place a strong emphasis on ownership, open feedback and continuous development.</p><p>When people feel trusted, connected and inspired, they do their best work!</p><p></p><p><strong>Rewards</strong></p><p>Mobility budget? Car with fuel or charging car? We offer both so you can choose!</p><p>On top of that we also have daily and monthly net allowances, eco vouchers, hospitalisation (DKV) insurance and group insurance, as well as a generous bonus scheme that you can use on our flexible reward plan.</p><p></p><p style=""text-align:center;""><span><strong>What We Stand For</strong></span></p><p><span><strong>Collective Intelligence</strong> — Collaboration across expertise, functions, and geographies makes it possible to combine know-how and deliver more comprehensive responses to client challenges.</span></p><p><span><strong>Reliability</strong> — The ability to deliver complex projects with rigour is one of the pillars of our client relationship.</span></p><p><span><strong>Pragmatism</strong> — Prioritising concrete impact and measurable value over abstract technological discourse.</span></p><p><span><strong>Entrepreneurial Spirit</strong> — Curiosity, energy, and freedom are the foundations of our culture; they enable initiative and sustained innovation.</span><strong><br></strong></p><p></p><p style=""text-align:center;""><strong>About Keyrus</strong></p><p><span>At Keyrus, we help organizations move from experimental AI to industrialized AI, from isolated agents to orchestrated systems, and from insight to execution. This is the discipline we call being an <strong>Architect of Intelligence</strong>. Designing the Operating System of the intelligent enterprise, where intelligence is embedded into the core of business processes to create sustainable value: <strong>we operationalize intelligence</strong>.</span></p><p><span>Powered by our proprietary <strong>Human Orchestrated Model™</strong> (HOM), we architect reliable:</span></p><p><span>· <strong>Intelligence Foundations</strong>,</span></p><p><span>· <strong>Human in Command</strong> governance,</span></p><p><span>· and <strong>Performance Steering</strong>,</span></p><p><span>To create intelligent environments where technology amplifies human capabilities and performance compounds over time.</span></p><p><span>With 30+ years of expertise and 2,800 employees across 28 countries, we help organizations go beyond transformation: to build adaptive, resilient, and continuously improving intelligent organizations.</span></p><p><span><strong>AI does not transform businesses. Architected intelligence does.</strong></span></p><p>#LI-JA1</p>",keyrus_web,2026-09-25T21:15:35.722436+00:00,True,5,Master's degree mentioned,"Dutch, French, English","data quality, data governance","collibra, informatica",48,"Data Governance / Quality; matched: data quality, data governance; potential gaps: collibra, informatica; requires 5+ years; Master's degree mentioned",passed,
Data Quality Expert,Data Governance / Quality,Smals,,,,,https://www.smals.be/nl/jobs/apply/7282/data-quality-expert,"Onze website gebruikt cookies om de site gebruiksvriendelijker te maken. Meer weten Doorgaan Skip to main content NL Nederlands Français Data Quality Expert Solliciteren Functiebeschrijving Als Data Quality Expert valideer, controleer en bereid je grote hoeveelheden data voor, afkomstig van diverse organisaties, voordat deze worden geïntegreerd in de centrale gegevensplatforms. De functie omvat tevens het beheer en de verbetering van referentiedata om de nauwkeurigheid, consistentie en beschikbaarheid ervan te waarborgen. Je maakt deel uit van het Data Office, dat bestaat uit Data Scientists, Data Engineers, architecten, analisten, projectleiders en experts uit de gezondheidszorgsector. Deze afdeling zet Belgische data om in informatie met een hoge toegevoegde waarde ter ondersteuning van beslissingen op het gebied van gezondheidsbeleid, gezondheidszorg en medisch toezicht. Het team werkt met moderne technologieën zoals Azure Cloud, Databricks, SQL Server, SSIS, SSAS en Power BI. Je belangrijkste taken zijn: Businessvereisten vertalen op het gebied van datakwaliteit naar effectieve validatieregels en relevante controleprocessen. Dataflows analyseren en begrijpen vanuit zowel een business- als een technisch perspectief, om de kwaliteit en geschiktheid voor het beoogde gebruik te waarborgen. Datakwaliteitscontroles definiëren, documenteren en onderhouden, met inbegrip van technische (syntactische) en businessgerichte (semantische) validatieregels. Datakwaliteitsevaluaties uitvoeren met behulp van een validatie-engine, de resultaten analyseren, kwaliteitsrapporten opstellen en corrigerende maatregelen coördineren met de Data Owners en Data Stewards. Verantwoordelijk zijn voor de kwaliteit, integriteit, beschikbaarheid en levenscyclus van de referentiedata. De activiteiten op het gebied van toezicht op en verbetering van de kwaliteit van de masterdata coördineren en ondersteunen in samenwerking met de business owners en data stewards, waarbij je ervoor zorgt dat gegevensproblemen worden geïdentificeerd, opgevolgd en opgelost. Je beoordeelt nieuwe dataflows en referentiedata, identificeert mogelijkheden voor kwaliteitsverbetering en draagt bij aan de documentatie en het beheer daarvan. Je configureert, onderhoudt en verbetert voortdurend de platforms voor datavalidatie en de oplossingen voor het beheer van referentiedata. Je werkt samen met business- en technische stakeholders om best practices op het gebied van datakwaliteit te bevorderen en initiatieven op het gebied van databeheer te ondersteunen. Profiel Je hebt een masterdiploma in IT of gelijkwaardige ervaring. Je hebt minimaal 7 jaar ervaring in grootschalige datateams, bij voorkeur in een functie op het gebied van datakwaliteit of datamanagement (Master Data Management). Je hebt minimaal 3 jaar ervaring in het beheer en de analyse van datakwaliteit, masterdata (MDM) en referentiedata (RDM). Je hebt praktische ervaring met Azure Databricks & SQL. Je drukt je vlot uit in het Nederlands en het Frans. Je bent van nature pragmatisch, resultaatgericht en stelt alles in het werk om de problemen die zich voordoen op te lossen. Je hebt een proactieve attitude, een grote verantwoordelijkheidszin en kan zelfstandig werken. Dankzij je verantwoordelijkheidszin en communicatieve vaardigheden kun je efficiënt in teamverband werken. Aanbod Je krijgt een gevarieerde, uitdagende en maatschappelijk relevante job waarbij je bijdraagt aan IT-oplossingen die een belangrijke rol spelen in de samenleving. Onze slogan 'ICT for society' weerspiegelt dit perfect. Zoek je een goede balans tussen werk en privéleven? Geniet van flexibele werkuren en maak gebruik van ons zeer uitgebreid telewerkbeleid . We bieden ruime interne en externe opleidingsmogelijkheden, waardoor je je technische skills en persoonlijke vaardigheden voortdurend kunt aanscherpen. We bieden je een competitief salaris, aangevuld met extralegale voordelen zoals hospitalisatieverzekering, aanvullend pensioenplan, maaltijdcheques, ecocheques,… IT-functies kunnen rekenen op een mobiliteitsbudget met de keuze voor een bedrijfswagen en/of terugbetaling openbaar vervoer. Onder bepaalde voorwaarden kan je dit budget zelfs gebruiken voor de betaling van je huur of hypothecaire lening. Via ons 'Benefits at Work'-platform geniet je van mooie kortingen op mode, elektronica, daguitstappen, vakantieverblijven, … We voeren een gelijkekansenbeleid en vinden o.a. equal pay belangrijk. Solliciteren IT - Data Management Data Architect Data Engineer Health Sector Data Solution Manager Program Manager Data Senior Data Analyst Search modal Zoeken",smals_web,2026-09-25T21:15:35.722436+00:00,True,7,Master's or equivalent experience,"Dutch, French","sql, power bi, data quality",databricks,47,"Data Governance / Quality; matched: sql, power bi, data quality; potential gaps: databricks; requires 7+ years; expert title; Master's or equivalent experience",passed,
Data Engineer – OT & Linux,Data Engineering (stretch),Pauwels Consulting,"9090, Melle, East Flanders, Belgium",,,"employee, freelance",https://www.pauwelsconsulting.com/job/6b9d9f6a-7486-4c16-b79e-863d1a3d2dea/data-engineer-ot-linux,"Our client, a prominent organization in the utilities sector, is looking for an OT Data Engineer to oversee end-to-end data processing for real-time field data. The role focuses on developing data pipelines and maintaining infrastructure to ensure the availability and performance of business-critical platforms. Manage end-to-end OT data processing from field sensors to historical data platforms. Design and manage infrastructure and pipelines to facilitate data access for analysts and scientists. Ensure system stability, security, and performance through regular health checks, upgrades, and patching. Implement necessary data refreshes and maintain high standards for data quality management. Develop new business integrations and data products through continuous research and optimization. Coordinate with stakeholders to translate business needs into technical data solutions. You bring 5+ years of experience as a system administrator within ICT infrastructure environments. You possess 4+ years of experience building data products and managing technical integrations. You have 4+ years of experience with Linux environments and system engineering for Unix or Windows systems. You bring 4+ years of experience with Oracle environments and relational databases using SQL and PL/SQL . You possess professional scripting skills in Python and Shell . You have a Bachelor or Master degree in a relevant technical field. You're proactive and demonstrate a strong eagerness to learn. You are fluent in Dutch with a level of C2. Nice to Haves 2+ years of experience with Apache Cassandra environments. Familiarity with OT SCADA systems. Experience with Data Management and ISO27001 security standards. Experience working with large, business-critical applications. Start date: November 5, 2026. Duration: 24 months. Work regime: Full-time. Location: Melle. Working model: Hybrid. Contract: open to both permanent employees and freelancers.",pauwels_consulting_web,2026-09-25T21:15:35.722436+00:00,True,5,Bachelor's or Master's degree,Dutch,"sql, data quality, python",,46,"Data Engineering (stretch); matched: sql, data quality, python; requires 5+ years; Bachelor's or Master's degree",passed,
Data Governance Lead,Data Governance / Quality,Datashift,Rotterdam,,,,https://careers.datashift.eu/o/data-governance-lead-2,"Datashift NV Homepage Datashift NV Homepage Data Governance Lead Rotterdam / Job details Apply Job description Datashift is a very fast-growing consultancy team with a focus on delivering solutions that answer business questions with data and facts. In early 2025, we opened an office in Rotterdam to strengthen our support for clients in the Netherlands and drive our continued growth. For one of our fastest growing practices, we are looking for an experienced Data Governance Lead . In this role, you will play a crucial role in guiding our clients in optimizing the benefits of data solutions. Responsibilities Guide clients in defining their data governance roadmap – Assist clients in in formulating an actionable and prioritized data governance project roadmap. Understand which approach to use when. Lead and mentor consulting team – Foster a down-to-earth leadership approach, mentoring and inspiring a team of consultants to reach new heights. Provide guidance and set direction to successfully execute client projects. Implement data governance projects – Take full ownership of project execution, to drive meaningful outcomes in data quality, compliance, and management domains. · Shape service offerings & thought leadership – Together with the Domain Lead, develop best practices and accelerators for data governance, contributing to internal knowledge sharing and industry thought leadership. Job requirements Qualifications 5+ years of experience – Strong background in consulting, with commercial responsibilities and client management expertise. Team management – Proven track record in contributing to a team-oriented environment, mentoring junior staff, and managing multiple client engagements. Expertise in data governance – Deep knowledge of the data landscape in general, data governance principles in specific and hands-on tooling experience (e.g. Collibra). Experience with vendor selection process (e.g. RFPs) is considered a plus. Communication – Fluent in English and Dutch. Why join Datashift in the Netherlands? Opportunity for strategic impact – Join a fast-growing data consultancy team, expand your skills, and work with top-tier organizations as clients—all while benefiting from the expertise and support of our established practice in Belgium. Competitive package – Receive a comprehensive compensation & benefits plan tailored to match your experience and potential. Award-winning workplace – We are based in CIC Rotterdam (one of Europe’s Leading Start-up Hubs according to the Financial Times), home to 150+ young companies and literally next to the iconic Centraal Station. A great commute guaranteed. Interested? Don’t hesitate to apply via the link below! Apply or Share job Rotterdam , Netherlands My information Fill out the information below Full name * Email address * Phone number * Netherlands Netherlands International Afghanistan Afghanistan CV or resume * Upload your CV or resume file Upload a file or drag and drop here Upload a file or drag and drop here Accepted files: PDF, DOC, DOCX, JPEG and PNG up to 50MB. Cover letter Upload your cover letter Upload a file or drag and drop here Upload a file or drag and drop here Accepted files: PDF, DOC, DOCX, JPEG and PNG up to 50MB. Write it here instead Questions Please fill in additional questions How proficient are you in Dutch? * Native/bilingual Full professional level Professional level Limited level Basic level Not How proficient are you in French? * Native/Bilingual Full professional level Professional level Limited level Basic level Not How proficient are you in English? * Native/bilangual Full professional level Professional level Limited level Basic level Not Do you have a driving licence? * Yes No Do you need to be sponsored for a work visa now or in the future? * Yes No Are you resident in Nederland? * Yes No Legal Agreements I have read and agree to the Recruitment Pricacy Statement ﻿ ﻿ ﻿ All fields marked with * are required. Send All done! Your application has been successfully submitted! Other jobs You've already applied for this job Thank you for your interest - we've already received your application, so this new submission can't be accepted. Your previous application is on file. If you need assistance or believe this is an error, please email us at apply@datashift.recruitee-mail.com",datashift_web,2026-09-25T21:15:35.722436+00:00,True,5,not specified,"Dutch, French, English","data quality, data governance",collibra,42,"Data Governance / Quality; matched: data quality, data governance; potential gaps: collibra; requires 5+ years; leadership title",passed,
Senior Databricks Data Engineer,Data Engineering (stretch),LACO,Diegem,,,,https://www.laco.be/senior-databricks-data-engineer,"Do you enjoy taking full ownership of complex data solutions? Are you the kind of engineer who not only builds scalable pipelines but also sets the bar for best practices in Databricks and Azure? Then this one’s for you. As our Senior Databricks Data Engineer , specialising in Databricks, you take ownership of the end-to-end delivery of scalable, high-performance data solutions on Microsoft Azure. You work closely with cross-functional teams to architect, develop, and optimize data pipelines and Databricks environments that enable reliable, enterprise-grade analytics and drive measurable business value. Your job Lead the design, development and optimisation of scalable data solutions on Azure, with a strong focus on Databricks and Spark Architect and implement end-to-end data pipelines (ETL/ELT) for batch and streaming workloads, ensuring performance, reliability, and maintainability Oversee and optimise Databricks environments and Azure data platforms , including CI/CD automation and cloud infrastructure best practices Ensure all solutions meet enterprise standards for security, governance and compliance Collaborate with stakeholders and cross-functional teams to deliver data solutions with measurable business value Mentor medior and junior engineers , sharing best practices in Databricks, Spark and cloud architecture Stay at the forefront with Azure, Databricks and big data technologies and promoting innovative approaches within the team Your job Lead the design, development and optimisation of scalable data solutions on Azure, with a strong focus on Databricks and Spark Architect and implement end-to-end data pipelines (ETL/ELT) for batch and streaming workloads, ensuring performance, reliability, and maintainability Oversee and optimise Databricks environments and Azure data platforms , including CI/CD automation and cloud infrastructure best practices Ensure all solutions meet enterprise standards for security, governance and compliance Collaborate with stakeholders and cross-functional teams to deliver data solutions with measurable business value Mentor medior and junior engineers , sharing best practices in Databricks, Spark and cloud architecture Stay at the forefront with Azure, Databricks and big data technologies and promoting innovative approaches within the team You have 5+ years of experience as a data engineer, with strong project ownership You have deep expertise in the Microsoft Azure ecosystem You are an expert in Databricks and Spark (PySpark, Spark SQL) You’re an expert in SQL and Python , and fluent in building complex ETL/ELT pipelines You know your way around data modelling techniques and best practices You understand cloud architecture and DevOps workflows, including CI/CD for data engineering You communicate fluently in Dutch and/or French and English , written and spoken Your skills You have 5+ years of experience as a data engineer, with strong project ownership You have deep expertise in the Microsoft Azure ecosystem You are an expert in Databricks and Spark (PySpark, Spark SQL) You’re an expert in SQL and Python , and fluent in building complex ETL/ELT pipelines You know your way around data modelling techniques and best practices You understand cloud architecture and DevOps workflows, including CI/CD for data engineering You communicate fluently in Dutch and/or French and English , written and spoken Your skils Our offer A strong career opportunity with a package that reflects your expertise, leadership and impact Access to cutting-edge Microsoft data & AI projects where your skills make a difference Coaching and collaboration with experienced LACO colleagues who support your growth Plenty of freedom to take initiative and make your mark A full-time 40-hour workweek with 20 legal holidays and 12 additional compensation days to keep your work-life balance in check A warm, vibrant and supportive culture where teamwork, fun and regular events are part of the DNA Our offer A strong career opportunity with a package that reflects your expertise, leadership and impact Access to cutting-edge Microsoft data & AI projects where your skills make a difference Coaching and collaboration with experienced LACO colleagues who support your growth Plenty of freedom to take initiative and make your mark A full-time 40-hour workweek with 20 legal holidays and 12 additional compensation days to keep your work-life balance in check A warm, vibrant and supportive culture where teamwork, fun and regular events are part of the DNA Apply in 4 steps 1 Let’s meet! Time to get acquainted. We’ll dive deeper into your specific skills and expertise, and you’ll get the opportunity to ask us anything about how we work and what life is like at LACO. 2 Our second date You’ll meet one of our team leads or a subject-matter expert. Together, we explore your technical knowledge, your strengths and the topics you feel most confident in. Sometimes we include a small, practical exercise to understand how you think and how approach data challenges. 3 The final date We’re almost there. Time to meet our HR and Operations Director in our office in Diegem. During a friendly talk, we’ll get to know you and you can get a feel of the atmosphere and culture at LACO. 4 An offer you can’t refuse Next up: getting down to the nitty-gritty. We’ll make you an offer that’s tailored to your needs and expectations, along with a personal onboarding plan. Welcome to the family! Apply in 4 steps 1 Let’s meet! Time to get acquainted. We’ll dive deeper into your specific skills and expertise, and you’ll get the opportunity to ask us anything about how we work and what life is like at LACO. 2 Our second date You’ll meet one of our team leads or a subject-matter expert. Together, we explore your technical knowledge, your strengths and the topics you feel most confident in. Sometimes we include a small, practical exercise to understand how you think and how approach data challenges. 3 The final date We’re almost there. Time to meet our HR and Operations Director in our office in Diegem. During a friendly talk, we’ll get to know you and you can get a feel of the atmosphere and culture at LACO. 4 An offer you can’t refuse Next up: getting down to the nitty-gritty. We’ll make you an offer that’s tailored to your needs and expectations, along with a personal onboarding plan. Welcome to the family! Ready to lead as a Senior Databricks Engineer? Get in touch! Email This field is for validation purposes and should be left unchanged. Name (Required) First name Last name Email (Required) Email Phone (Required) Phone What is the best time to contact you? What is the best time to contact you? Anything else to add? Anything else to add? Upload your cv Upload your cv Accepted file types: pdf, png, word, jpg, , Max. file size: 256 MB. More information about how we handle your data can be found in our privacy policy . Let's get in touch! Hi, I’m Anne. I look forward to getting to know you and exploring together whether LACO could be the right place for you to grow.",laco_web,2026-09-25T21:15:35.722436+00:00,True,5,not specified,"Dutch, French, English","sql, etl, python, data modelling","databricks, spark, scala",40,"Data Engineering (stretch); matched: sql, etl, python, data modelling; potential gaps: databricks, spark, scala; requires 5+ years; senior title; Brussels area",passed,
Data Governance Manager,Data Governance / Quality,Smals,,,,,https://www.smals.be/nl/jobs/apply/7066/data-governance-manager,"Onze website gebruikt cookies om de site gebruiksvriendelijker te maken. Meer weten Doorgaan Skip to main content NL Nederlands Français Data Governance Manager Solliciteren Functiebeschrijving Binnen het Data Office speel je een sleutelrol bij het opzetten en aansturen van een modern, coherent en op datavalorisatie gericht data governance. Je helpt de organisatie meer data-driven te maken door teams te begeleiden bij het invoeren van gemeenschappelijke normen, praktijken en tools. Sleutelverantwoordelijkheden : • De rollen en verantwoordelijkheden voor Data bepalen en operationeel governance stimuleren. • Leiding geven aan het Data Governance- & Data Quality-team en rapporteren aan de Chief Data Officer. • De driemaandelijkse Data Council organiseren en voorbereiden om de strategische afstemming en prioritering van data-initiatieven te waarborgen. • Coördineren en begeleiden van data stewards bij het opstellen van het vakglossarium, het beheer van metadata en de voortdurende verbetering van de gegevenskwaliteit. • Leiding geven aan de Data Community en optreden als ambassadeur van de datacultuur binnen de organisatie. • Toezicht houden op de implementatie en het onderhoud van tools voor metadata management (catalogus, glossarium, woordenboek) en data quality (vakregels, validatiemotoren). • De kwaliteit van de gegevens meten volgens Europese normen en de correctie van afwijkingen coördineren. • Normen, beleid en goede praktijken op het gebied van gegevensbeheer definiëren en verspreiden, bewustzijn creëren voor nieuwe regelgevingskaders zoals de European Data Governance Act, de AI Act en de European Health Data Space (EHDS). • Samenwerken met de BI- en AI-teams om een geharmoniseerde en semantisch consistente modellering van data te garanderen. • Bijdragen aan de verbetering van de datamaturiteit via een programma voor data literacy in samenwerking met de dienst Human Resources. • Deelnemen aan samenwerkingsinitiatieven met externe partners (HDA, IMA, BOSA, enz.). Profiel Je hebt een masterdiploma in Informatica/Economie of gelijkwaardige ervaring, idealiter aangevuld met een opleiding in Data management. Je hebt minimaal 5 jaar ervaring in data management of data governance in een grote organisatie. Je hebt basiskennis van tools voor datakwaliteitsbeheer en metadata management, zoals Collibra of Data Hub. Je hebt een goede kennis van data quality, metadata management en privacyregelgeving (GDPR); ervaring met BPMN of conceptuele modellering is een pluspunt. Je onderscheidt je door je analytische vaardigheden, je vermogen om zaken te synthetiseren en je resultaatgerichtheid. Dankzij je uitstekende communicatieve vaardigheden en je gevoel voor coaching kun je transversale teams samenbrengen. Je hebt een goede kennis van het Frans en functionele beheersing van het Engels. Aanbod Je krijgt een gevarieerde, uitdagende en maatschappelijk relevante job waarbij je bijdraagt aan IT-oplossingen die een belangrijke rol spelen in de samenleving. Onze slogan 'ICT for society' weerspiegelt dit perfect. Zoek je een goede balans tussen werk en privéleven? Geniet van flexibele werkuren en maak gebruik van ons zeer uitgebreid telewerkbeleid . We bieden ruime interne en externe opleidingsmogelijkheden, waardoor je je technische skills en persoonlijke vaardigheden voortdurend kunt aanscherpen. We bieden je een competitief salaris, aangevuld met extralegale voordelen zoals hospitalisatieverzekering, aanvullend pensioenplan, maaltijdcheques, ecocheques,… IT-functies kunnen rekenen op een mobiliteitsbudget met de keuze voor een bedrijfswagen en/of terugbetaling openbaar vervoer. Onder bepaalde voorwaarden kan je dit budget zelfs gebruiken voor de betaling van je huur of hypothecaire lening. Via ons 'Benefits at Work'-platform geniet je van mooie kortingen op mode, elektronica, daguitstappen, vakantieverblijven, … We voeren een gelijkekansenbeleid en vinden o.a. equal pay belangrijk. Solliciteren IT - Other IT jobs AI Engineer Application Owner - Ops Engineer Expert Project & Management Tools Incident & Problem Manager IT Account Manager Modern Workplace Lead PMO Manager Scrum Master Search modal Zoeken",smals_web,2026-09-25T21:15:35.722436+00:00,True,5,Master's or equivalent experience,"Dutch, French, English","data quality, data governance","collibra, informatica",39,"Data Governance / Quality; matched: data quality, data governance; potential gaps: collibra, informatica; requires 5+ years; manager title; Master's or equivalent experience",passed,
Senior Fabric Data Engineer,Data Engineering (stretch),LACO,Diegem,,,,https://www.laco.be/senior-fabric-data-engineer,"Do you thrive on owning complex data solutions from A to Z? Are you ready to lead Microsoft Fabric projects that go beyond infrastructure and deliver real business value? Then we’ve got something worth talking about. As our Senior Fabric Data Engineer , you own the end-to-end delivery of data and analytics solutions within the Microsoft Fabric platform, working closely with cross-functional teams to design, build, and deploy scalable, high-performance data architectures that drive business value. Your job Design and build scalable data solutions in Microsoft Azure, with a strong focus on Microsoft Fabric Lead end-to-end data projects focused on the Microsoft Fabric environment, from requirements analysis and architecture design through to implementation and delivery Ensure all solutions meet enterprise-level standards for security, governance and compliance Collaborate closely with clients and cross-functional teams , acting as a trusted technical partner Contribute to innovative data initiatives in sectors like financial services, life sciences and energy, as part of the LACO team Deep your expertise in Fabric, Azure and AI , and actively share insights to strengthen the team Your job Design and build scalable data solutions in Microsoft Azure, with a strong focus on Microsoft Fabric Lead end-to-end data projects focused on the Microsoft Fabric environment, from requirements analysis and architecture design through to implementation and delivery Ensure all solutions meet enterprise-level standards for security, governance and compliance Collaborate closely with clients and cross-functional teams , acting as a trusted technical partner Contribute to innovative data initiatives in sectors like financial services, life sciences and energy, as part of the LACO team Deep your expertise in Fabric, Azure and AI , and actively share insights to strengthen the team You have 5+ years of experience as a data engineer with growing ownership You bring strong expertise in the Microsoft Azure ecosystem You’ve delivered end-to-end Microsoft Fabric implementations You’re confident in data modelling , from concept to execution You’re an expert in SQL and Python You are fluent in Dutch and/or French and English , both spoken and written Experience with dbt is a plus Your skills You have 5+ years of experience as a data engineer with growing ownership You bring strong expertise in the Microsoft Azure ecosystem You’ve delivered end-to-end Microsoft Fabric implementations You’re confident in data modelling , from concept to execution You’re an expert in SQL and Python You are fluent in Dutch and/or French and English , both spoken and written Experience with dbt is a plus Your skills Our offer A senior role with a package that reflects your expertise and ambition Access to cutting-edge Microsoft data & AI projects that challenge and grow your skills Coaching, peer support and a strong team to help you thrive Plenty of autonomy to lead, innovate and make your mark A full-time 40-hour workweek with 20 legal holidays and 12 additional compensation days to keep your work-life balance in check A warm, vibrant and supportive culture where teamwork, fun and regular events are part of the DNA Our offer A senior role with a package that reflects your expertise and ambition Access to cutting-edge Microsoft data & AI projects that challenge and grow your skills Coaching, peer support and a strong team to help you thrive Plenty of autonomy to lead, innovate and make your mark A full-time 40-hour workweek with 20 legal holidays and 12 additional compensation days to keep your work-life balance in check A warm, vibrant and supportive culture where teamwork, fun and regular events are part of the DNA Apply in 4 steps 1 Let’s meet! Time to get acquainted. We’ll dive deeper into your specific skills and expertise, and you’ll get the opportunity to ask us anything about how we work and what life is like at LACO. 2 Our second date You’ll meet one of our team leads or a subject-matter expert. Together, we explore your technical knowledge, your strengths and the topics you feel most confident in. Sometimes we include a small, practical exercise to understand how you think and how approach data challenges. 3 The final date We’re almost there. Time to meet our HR and Operations Director in our office in Diegem. During a friendly talk, we’ll get to know you and you can get a feel of the atmosphere and culture at LACO. 4 An offer you can’t refuse Next up: getting down to the nitty-gritty. We’ll make you an offer that’s tailored to your needs and expectations, along with a personal onboarding plan. Welcome to the family! Apply in 4 steps 1 Let’s meet! Time to get acquainted. We’ll dive deeper into your specific skills and expertise, and you’ll get the opportunity to ask us anything about how we work and what life is like at LACO. 2 Our second date You’ll meet one of our team leads or a subject-matter expert. Together, we explore your technical knowledge, your strengths and the topics you feel most confident in. Sometimes we include a small, practical exercise to understand how you think and how approach data challenges. 3 The final date We’re almost there. Time to meet our HR and Operations Director in our office in Diegem. During a friendly talk, we’ll get to know you and you can get a feel of the atmosphere and culture at LACO. 4 An offer you can’t refuse Next up: getting down to the nitty-gritty. We’ll make you an offer that’s tailored to your needs and expectations, along with a personal onboarding plan. Welcome to the family! Ready to lead Fabric projects that make a difference ? Get in touch! Facebook This field is for validation purposes and should be left unchanged. Name (Required) First name Last name Email (Required) Email Phone (Required) Phone What is the best time to contact you? What is the best time to contact you? Anything else to add? Anything else to add? Upload your cv Upload your cv Accepted file types: pdf, png, word, jpg, , Max. file size: 256 MB. More information about how we handle your data can be found in our privacy policy . Let's get in touch! Hi, I’m Anne. I look forward to getting to know you and exploring together whether LACO could be the right place for you to grow.",laco_web,2026-09-25T21:15:35.722436+00:00,True,5,not specified,"Dutch, French, English","sql, python, data modelling","dbt, microsoft fabric, scala",36,"Data Engineering (stretch); matched: sql, python, data modelling; potential gaps: dbt, microsoft fabric, scala; requires 5+ years; senior title; Brussels area",passed,
Data Engineer,Data Engineering (stretch),Keyrus,"1853, Grimbergen, BE",,,FULL_TIME,https://jobs.keyrus.be/jobs/1737821-data-engineer,"<p style=""text-align:center;""><strong>Why Keyrus, Why Now!</strong><br></p><p class=""MsoNormal""><span><strong>Keyrus</strong> is an international group of <strong>2,800 consultants</strong> and experts across <strong>28 countries</strong>, built on a single conviction: <strong>AI does not transform businesses. Architected intelligence does.</strong> For more than 30 years, we have been building the data foundations that make intelligent systems work — designing the Operating System of the intelligent enterprise, where intelligence is embedded into the core of business processes to create sustainable value: <strong>we operationalise intelligence.</strong></span></p><p class=""MsoNormal""><span>AI does not replace humans. It repositions us to a place no system can follow: understanding, deciding, designing, and creating. At Keyrus, you will not just develop skills - you will develop judgment. Your expertise sharpens with every system you architect, every client challenge you solve, every deployment that compounds on the last.</span></p><p class=""MsoNormal""><span>Over time, you grow into one of the rarest professionals of the intelligence era: someone who bridges data, AI, and human decision-making at scale, across industries and geographies. This is not a role you fill. It is a discipline you master and a story you help write to become<strong> a Keyrus Architect of Intelligence.</strong></span></p><p class=""MsoNormal"" style=""text-align:left;""><span>Technology amplifies. </span><a target=""_blank"" href=""https://jobs.keyrus.be/pages/our-values""><span><strong>Keyrus culture differentiates</strong></span></a><span><strong>.</strong> Industrial discipline connects the two.</span></p><p class=""MsoNormal"" style=""text-align:left;""></p><p class=""MsoNormal"" style=""text-align:center;""><span><strong>What You'll Architect</strong></span></p><p>This role combines hands-on engineering with system design. You build the data environments that allow organisations to move from fragmented data to usable, scalable intelligence.</p><ul><li><p>Design and implement data architectures aligned with client data strategies</p></li><li><p>Build and maintain data pipelines, covering ingestion, transformation, and storage</p></li><li><p>Process large datasets using distributed frameworks such as Spark, Kafka, or Hadoop</p></li><li><p>Structure data environments to support analytics, AI, and operational use cases</p></li><li><p>Collaborate with architects on system design, integration, and performance improvements</p></li><li><p>Integrate data platforms across cloud environments (Azure, AWS, GCP)</p></li><li><p>Apply engineering best practices across data lifecycle management</p></li><li><p>Support the evolution from traditional BI towards modern, scalable data platforms</p></li><li><p>Work directly with clients to translate business needs into technical data solutions</p></li><li><p>Contribute to improving software and database development practices<br></p></li></ul><p style=""text-align:center;""><strong>Who You Are</strong></p><p style=""text-align:left;"">You are a hands-on engineer who understands how data systems enable decision-making</p><ul><li><p>You think in systems: flows, dependencies, and scalability</p></li><li><p>You move confidently between building pipelines and contributing to architecture discussions</p></li><li><p>You bring structure to complex or fragmented data landscapes</p></li><li><p>You are pragmatic — focused on making data usable and reliable in real environments</p></li><li><p>You collaborate naturally with architects, analysts, and business stakeholders</p></li><li><p>You contribute to a culture of continuous improvement and shared knowledge</p></li></ul><p></p><p style=""text-align:center;""><strong>What You Bring</strong></p><p style=""text-align:left;""><strong><br>Qualifications / Experience</strong></p><ul><li><p>5+ years of experience in Data Engineering, Big Data, or Business Intelligence</p></li><li><p>Experience with ETL / ELT processes, data warehousing, or data visualisation</p></li><li><p>Exposure to complex data environments and large-scale data processing</p></li><li><p>You are fluent in Dutch or French and English</p></li></ul><p><strong>Technical Skills</strong></p><ul><li><p>Strong SQL knowledge (PL/SQL, T-SQL or similar is a plus)</p></li><li><p>Programming experience in Python, Scala, Java, or Go</p></li><li><p>Experience with Big Data technologies such as Spark, Kafka, and Hadoop</p></li><li><p>Familiarity with NoSQL databases (Cassandra, HBase, MongoDB) and MPP architectures</p></li><li><p>Experience with cloud platforms (Azure, AWS, or GCP)</p></li><li><p>Knowledge of distributed data processing and streaming concepts (volume, velocity, variety)</p></li><li><p>Experience with tools such as Databricks, Docker, Terraform is an advantage</p></li><li><p>Working knowledge of Linux environments</p></li><li><p>Familiarity with Agile and Scrum methodologies</p></li></ul><p><strong>Nice-to-haves</strong></p><ul><li><p>Experience with AI or data science environments</p></li><li><p>Exposure to real-time or event-driven data architectures</p></li></ul><p style=""text-align:center;""></p><p style=""text-align:center;""><strong>Rewards - What We Offer at Keyrus</strong></p><p class=""MsoNormal""><strong>Growth</strong></p><p class=""MsoNormal"">At Keyrus we have created an environment where people are supported, challenged and connected to the people around them.</p><p class=""MsoNormal"">Working on impactful Data &amp; Digital projects you will develop a broad and versatile skill set and stay ahead in a fast-evolving, AI-driven landscape.</p><p class=""MsoNormal"">Our digital learning platform, with over 30,000 courses including in-house trainings developed by our experts, is a perfect way to stay on top of your game</p><p class=""MsoNormal""></p><p class=""MsoNormal"">A generous training budget is available to help foster a culture where learning, feedback and continuous improvement is the norm<br>You will have a dedicated coach, benefit from regular check-ins, learn via different communities and have clear alignment with your team and company goals<br>We want you to grow with confidence. We therefore place a strong emphasis on ownership, open feedback and continuous development.</p><p class=""MsoNormal"">When people feel trusted, connected and inspired, they do their best work!</p><p class=""MsoNormal""></p><p class=""MsoNormal""><strong>Rewards</strong></p><p class=""MsoNormal"">Mobility budget? Car with fuel or charging car? We offer both so you can choose!</p><p class=""MsoNormal"">On top of that we also have daily and monthly net allowances, eco vouchers, hospitalisation (DKV) insurance and group insurance, as well as a generous bonus scheme that you can use on our flexible reward plan.</p><p class=""MsoNormal""><br></p><p class=""MsoNormal"" style=""text-align:center;""><span><strong>What We Stand For</strong></span></p><p class=""MsoListParagraphCxSpFirst""><span><strong>Collective Intelligence</strong> — Collaboration across expertise, functions, and geographies makes it possible to combine know-how and deliver more comprehensive responses to client challenges.</span></p><p class=""MsoListParagraphCxSpMiddle""><span><strong>Reliability</strong> — The ability to deliver complex projects with rigour is one of the pillars of our client relationship.</span></p><p class=""MsoListParagraphCxSpMiddle""><span><strong>Pragmatism</strong> — Prioritising concrete impact and measurable value over abstract technological discourse.</span></p><p class=""MsoListParagraphCxSpLast""><span><strong>Entrepreneurial Spirit</strong> — Curiosity, energy, and freedom are the foundations of our culture; they enable initiative and sustained innovation.</span><strong><br></strong></p><p class=""MsoListParagraphCxSpLast""></p><p style=""text-align:center;""><strong>About Keyrus</strong></p><p style=""text-align:center;""></p><p><span>At Keyrus, we help organizations move from experimental AI to industrialized AI, from isolated agents to orchestrated systems, and from insight to execution. This is the discipline we call being an <strong>Architect of Intelligence</strong>. Designing the Operating System of the intelligent enterprise, where intelligence is embedded into the core of business processes to create sustainable value: <strong>we operationalize intelligence</strong>.</span></p><p class=""MsoNormal""><span>Powered by our proprietary <strong>Human Orchestrated Model™</strong> (HOM), we architect reliable:</span></p><p class=""MsoListParagraphCxSpFirst""><span>· <strong>Intelligence Foundations</strong>,</span></p><p class=""MsoListParagraphCxSpMiddle""><span>· <strong>Human in Command</strong> governance,</span></p><p class=""MsoListParagraphCxSpLast""><span>· and <strong>Performance Steering</strong>,</span></p><p class=""MsoNormal""><span>To create intelligent environments where technology amplifies human capabilities and performance compounds over time.</span></p><p class=""MsoNormal""><span>With 30+ years of expertise and 2,800 employees across 28 countries, we help organizations go beyond transformation: to build adaptive, resilient, and continuously improving intelligent organizations.</span></p><p class=""MsoNormal""><span><strong>AI does not transform businesses. Architected intelligence does.</strong></span></p><p>&nbsp;#LI-JA1</p>",keyrus_web,2026-09-25T21:15:35.722436+00:00,True,5,Master's degree mentioned,"Dutch, French, English","sql, etl, python","databricks, spark, scala",35,"Data Engineering (stretch); matched: sql, etl, python; potential gaps: databricks, spark, scala; requires 5+ years; Master's degree mentioned",passed,
Data Engineer,Data Engineering (stretch),Datashift,Mechelen,,,,https://careers.datashift.eu/o/data-engineer-2,"Datashift NV Homepage Datashift NV Homepage Data Engineer Mechelen Job details Apply Job description Datashift is a fast-growing consultancy team with a focus on delivering solutions that answer business questions with data and facts. For one of our fastest growing practices, we are looking for a skilled Data Engineer . Do you have at least 3 to 6 years of experience? Do you love to work on projects and look at them from an end-to-end data perspective. Then we are delighted to receive your personal application and we’ll contact you for an interview and a (virtual) cup of coffee. Your responsibilities Translate client needs into maintainable data solution (ETL/Infrastructure as a code/Interfaces/pipelines, ...); Design data solutions, making the trade-off between cost and maintainability; Work together with Data Scientists, BI specialists and Business Consultants to deliver value to our customers; Stay up to date with the latest developments in data technology and actively participate in sharing your knowledge with your colleagues; Monitor the quality and stability of data solutions; Coach other Data Engineers. Job requirements Your qualifications Programming expertise with Python; You feel energized when writing and observing well-structured code; Strong background in development, with knowledge in languages such as Java and/or PHP; API Integration skills; Experience with pipeline automation (i.e. Airflow) Deep knowledge of SQL; Experience with AWS/GCP/Azure/Ansible/Terrafom Experience with Linux is a plus; Fluent in Dutch and/or French and English. Your growth path Datashift is a firm believer in growing through its people. We will guide and support you providing many opportunities to develop and grow in the direction you want. However, we equally believe that it is you who takes ownership of your growth. That is why we give you the tools and the driving seat, it's up to you to do seize the opportunity. One thing is for sure, surrounded by an entrepreneurial team, many opportunities will present themselves to deepen your expertise knowledge or broaden your Horizon in Data. In this role, you are on the track to become a master in leading Data Engineering solutions for our clients. Whilst collaborating within Datashift on existing competence centers or helping to establish new practices. Making sure you and we keep up with the advancements in Data Engineering. Our offer A highly entrepreneurial team; A no-nonsense working environment with a focus on high quality; Excellent terms of employment (including company car, fuel card, meal vouchers & bonus); Fringe benefits including continuous training that builds and extends professional, technical and management skills in all areas; The opportunity to grow together with Datashift in terms of capabilities as well as financial benefits. Interested? Don't hesitate to apply via the link below! Apply or Share job Mechelen , Belgium My information Fill out the information below Full name * Email address * Phone number * Belgium Belgium International Afghanistan Afghanistan Photo Upload a file or drag and drop here Upload a file or drag and drop here Accepted files: PNG, JPG and JPEG up to 20MB. CV or resume * Upload your CV or resume file Upload a file or drag and drop here Upload a file or drag and drop here Accepted files: PDF, DOC, DOCX, JPEG and PNG up to 50MB. Cover letter Upload your cover letter Upload a file or drag and drop here Upload a file or drag and drop here Accepted files: PDF, DOC, DOCX, JPEG and PNG up to 50MB. Write it here instead Questions Please fill in additional questions How proficient are you in Dutch? * Native/bilingual Full professional level Professional level Limited level Basic level Not How proficient are you in French? * Native/Bilingual Full professional level Professional level Limited level Basic level Not How proficient are you in English? * Native/bilangual Full professional level Professional level Limited level Basic level Not Do you have a driving licence? * Yes No Do you need to be sponsored for a work visa now or in the future? * Yes No Are you resident in Belgium? * Yes No Legal Agreements I have read and agree to the Recruitment Pricacy Statement ﻿ ﻿ ﻿ All fields marked with * are required. Send All done! Your application has been successfully submitted! Other jobs You've already applied for this job Thank you for your interest - we've already received your application, so this new submission can't be accepted. Your previous application is on file. If you need assistance or believe this is an error, please email us at apply@datashift.recruitee-mail.com",datashift_web,2026-09-25T21:15:35.722436+00:00,True,6,Master's in technical field,"Dutch, French, English","sql, etl, python",,33,"Data Engineering (stretch); matched: sql, etl, python; requires 6+ years; Master's in technical field",passed,
